,Py0,Pz0,Py1,Pz1,Py2,Pz2,Py3,Pz3,time,channel,tag_height,frequency,tx_x,tx_y,rx0_x,rx0_y,rx1_x,rx1_y,rx2_x,rx2_y,rx3_x,rx3_y,x,y,distance
0,-83.97884,-88.65588,-90.92345,-93.33628,-101.63345,-88.6824,-74.0039,-64.15312,0.127175808,0,0.4,915.5,8.5,13,0,8,6.5,17.5,12.5,8.8,6.3,0,6,0.5,0
1,-74.45902,-77.10124,-87.40271,-91.4558,-97.18635,-89.11662,-70.46046,-58.06721,0.257737875,1,0.4,915.5,8.5,13,0,8,6.5,17.5,12.5,8.8,6.3,0,6,0.533604888,0.033604888
2,-81.53304,-80.2982,-91.73234,-91.2961,-93.53323,-87.88409,-79.08123,-65.57464,0.388877392,0,0.4,915.5,8.5,13,0,8,6.5,17.5,12.5,8.8,6.3,0,6,0.567209776,0.067209776
3,-82.89638,-77.80301,-93.74014,-96.45056,-83.59131,-82.44293,-66.72536,-57.16367,0.518202543,1,0.4,915.5,8.5,13,0,8,6.5,17.5,12.5,8.8,6.3,0,6,0.600814664,0.100814664
4,-89.48784,-72.56712,-81.30895,-82.8042,-85.87405,-85.14157,-68.56069,-58.57463,0.648713112,0,0.4,915.5,8.5,13,0,8,6.5,17.5,12.5,8.8,6.3,0,6,0.634419552,0.134419552
5,-76.88578,-73.25624,-78.24694,-86.70192,-94.60349,-87.486,-64.21281,-53.2805,0.776109695,1,0.4,915.5,8.5,13,0,8,6.5,17.5,12.5,8.8,6.3,0,6,0.66802444,0.16802444
6,-79.44954,-77.28093,-93.82801,-89.76417,-95.68938,-87.95471,-79.23489,-69.50297,0.906099796,0,0.4,915.5,8.5,13,0,8,6.5,17.5,12.5,8.8,6.3,0,6,0.701629328,0.201629328
7,-91.05893,-79.65843,-82.61015,-96.08641,-87.87233,-85.96065,-80.4707,-69.72512,1.035235882,1,0.4,915.5,8.5,13,0,8,6.5,17.5,12.5,8.8,6.3,0,6,0.735234216,0.235234216
8,-75.50706,-90.5434,-101.39481,-89.66699,-93.78704,-84.85452,-68.64332,-59.21918,1.1638515,0,0.4,915.5,8.5,13,0,8,6.5,17.5,12.5,8.8,6.3,0,6,0.768839104,0.268839104
9,-83.00043,-70.7471,-78.40608,-81.00475,-88.72607,-83.1086,-61.43526,-51.41762,1.289946795,1,0.4,915.5,8.5,13,0,8,6.5,17.5,12.5,8.8,6.3,0,6,0.802443992,0.302443992
10,-81.58347,-75.93604,-83.63206,-104.3075,-93.33527,-90.20609,-72.98347,-64.76673,1.419981956,0,0.4,915.5,8.5,13,0,8,6.5,17.5,12.5,8.8,6.3,0,6,0.83604888,0.33604888
11,-74.51045,-75.40698,-82.93991,-85.18355,-98.27618,-81.59151,-59.23506,-52.23675,1.547422886,1,0.4,915.5,8.5,13,0,8,6.5,17.5,12.5,8.8,6.3,0,6,0.869653768,0.369653768
12,-79.45205,-75.10912,-92.84915,-88.62409,-92.38356,-93.71977,-75.0901,-66.34715,1.677674532,0,0.4,915.5,8.5,13,0,8,6.5,17.5,12.5,8.8,6.3,0,6,0.903258656,0.403258656
13,-79.09607,-71.77371,-99.80901,-88.08713,-93.47424,-97.056,-65.01939,-59.16882,1.806215763,1,0.4,915.5,8.5,13,0,8,6.5,17.5,12.5,8.8,6.3,0,6,0.936863544,0.436863544
14,-99.61382,-72.64532,-83.52656,-91.15982,-88.63353,-82.5511,-60.31884,-55.78717,1.937924385,0,0.4,915.5,8.5,13,0,8,6.5,17.5,12.5,8.8,6.3,0,6,0.970468432,0.470468432
15,-87.54394,-74.20807,-94.9248,-87.57867,-98.8951,-79.06728,-65.70545,-61.61957,2.064591169,1,0.4,915.5,8.5,13,0,8,6.5,17.5,12.5,8.8,6.3,0,6,1.00407332,0.50407332
16,-81.00397,-82.94371,-86.81345,-91.61742,-89.23363,-84.1489,-63.05777,-58.08493,2.196974993,0,0.4,915.5,8.5,13,0,8,6.5,17.5,12.5,8.8,6.3,0,6,1.037678208,0.537678208
17,-87.22027,-79.98334,-88.7963,-90.92699,-93.56903,-89.5705,-78.17933,-75.02947,2.327340126,1,0.4,915.5,8.5,13,0,8,6.5,17.5,12.5,8.8,6.3,0,6,1.071283096,0.571283096
18,-76.84988,-68.11993,-89.26065,-86.76409,-93.22395,-82.52321,-54.17755,-50.82228,2.457099915,0,0.4,915.5,8.5,13,0,8,6.5,17.5,12.5,8.8,6.3,0,6,1.104887984,0.604887984
19,-78.17584,-82.23187,-88.1976,-94.44895,-104.70737,-90.53558,-60.52156,-56.32871,2.585093737,1,0.4,915.5,8.5,13,0,8,6.5,17.5,12.5,8.8,6.3,0,6,1.138492872,0.638492872
20,-77.77018,-72.79451,-88.90551,-87.66261,-84.90542,-92.51036,-57.50055,-54.85833,2.715970516,0,0.4,915.5,8.5,13,0,8,6.5,17.5,12.5,8.8,6.3,0,6,1.17209776,0.67209776
21,-76.94129,-69.9281,-80.65469,-81.108,-85.2438,-92.40205,-56.61669,-54.44893,2.84690094,1,0.4,915.5,8.5,13,0,8,6.5,17.5,12.5,8.8,6.3,0,6,1.205702648,0.705702648
22,-80.52348,-79.69661,-86.30771,-92.89418,-97.18639,-81.74101,-88.214,-83.93255,2.977265835,0,0.4,915.5,8.5,13,0,8,6.5,17.5,12.5,8.8,6.3,0,6,1.239307536,0.739307536
23,-87.97691,-67.78663,-83.92243,-82.01359,-84.84565,-88.21014,-58.06961,-56.35319,3.106425047,1,0.4,915.5,8.5,13,0,8,6.5,17.5,12.5,8.8,6.3,0,6,1.272912424,0.772912424
24,-74.2198,-76.9854,-93.7901,-106.22659,-96.19076,-83.15015,-69.24312,-66.94214,3.236800432,0,0.4,915.5,8.5,13,0,8,6.5,17.5,12.5,8.8,6.3,0,6,1.306517312,0.806517312
25,-70.39111,-69.24602,-86.46817,-83.89057,-89.87943,-90.47617,-59.08888,-56.9126,3.36611557,1,0.4,915.5,8.5,13,0,8,6.5,17.5,12.5,8.8,6.3,0,6,1.3401222,0.8401222
26,-76.31259,-73.17862,-85.88812,-88.82129,-98.63159,-88.96226,-68.65686,-65.10695,3.494686365,0,0.4,915.5,8.5,13,0,8,6.5,17.5,12.5,8.8,6.3,0,6,1.373727088,0.873727088
27,-71.75986,-65.07054,-79.74693,-82.08289,-92.94914,-91.60271,-55.83297,-55.76509,3.620616436,1,0.4,915.5,8.5,13,0,8,6.5,17.5,12.5,8.8,6.3,0,6,1.407331976,0.907331976
28,-83.29486,-71.6543,-80.84253,-80.27691,-96.83488,-83.41425,-64.50674,-60.79359,3.750951529,0,0.4,915.5,8.5,13,0,8,6.5,17.5,12.5,8.8,6.3,0,6,1.440936864,0.940936864
29,-77.95918,-67.06673,-79.06892,-76.73837,-90.8127,-84.31314,-60.60338,-60.42345,3.879667997,1,0.4,915.5,8.5,13,0,8,6.5,17.5,12.5,8.8,6.3,0,6,1.474541752,0.974541752
30,-72.61389,-71.04042,-87.38346,-86.6311,-85.25049,-86.88091,-62.17841,-60.38918,4.010351181,0,0.4,915.5,8.5,13,0,8,6.5,17.5,12.5,8.8,6.3,0,6,1.50814664,1.00814664
31,-77.4343,-92.9922,-85.62603,-87.94521,-99.25064,-82.66075,-75.94642,-68.88182,4.138831377,1,0.4,915.5,8.5,13,0,8,6.5,17.5,12.5,8.8,6.3,0,6,1.541751527,1.041751527
32,-73.55912,-64.91656,-81.30728,-79.8703,-83.54101,-93.11796,-56.94938,-53.48998,4.26951623,0,0.4,915.5,8.5,13,0,8,6.5,17.5,12.5,8.8,6.3,0,6,1.575356415,1.075356415
33,-75.90437,-70.63963,-84.9244,-88.60765,-100.74751,-81.10841,-62.09341,-59.00556,4.400117397,1,0.4,915.5,8.5,13,0,8,6.5,17.5,12.5,8.8,6.3,0,6,1.608961303,1.108961303
34,-69.59205,-69.04301,-73.38898,-77.07608,-99.33565,-85.08225,-59.0045,-52.53674,4.530641317,0,0.4,915.5,8.5,13,0,8,6.5,17.5,12.5,8.8,6.3,0,6,1.642566191,1.142566191
35,-80.90726,-79.74864,-86.8299,-94.18668,-92.73553,-82.7854,-76.21081,-78.57977,4.660056114,1,0.4,915.5,8.5,13,0,8,6.5,17.5,12.5,8.8,6.3,0,6,1.676171079,1.176171079
36,-74.9994,-68.38478,-79.27248,-84.17609,-96.28755,-83.90989,-58.37666,-55.55318,4.790192366,0,0.4,915.5,8.5,13,0,8,6.5,17.5,12.5,8.8,6.3,0,6,1.709775967,1.209775967
37,-80.03436,-71.28197,-97.38019,-107.69211,-96.55416,-82.11596,-62.52927,-57.60263,4.917392731,1,0.4,915.5,8.5,13,0,8,6.5,17.5,12.5,8.8,6.3,0,6,1.743380855,1.243380855
38,-77.18621,-67.5327,-87.02612,-94.69672,-81.96575,-94.24686,-59.7816,-57.34732,5.04907918,0,0.4,915.5,8.5,13,0,8,6.5,17.5,12.5,8.8,6.3,0,6,1.776985743,1.276985743
39,-68.63869,-66.9142,-75.74146,-81.56615,-89.88139,-88.49973,-53.13578,-51.586,5.176929951,1,0.4,915.5,8.5,13,0,8,6.5,17.5,12.5,8.8,6.3,0,6,1.810590631,1.310590631
40,-94.33865,-76.34583,-86.91155,-90.81925,-104.18807,-88.20895,-68.03025,-67.04524,5.307975531,0,0.4,915.5,8.5,13,0,8,6.5,17.5,12.5,8.8,6.3,0,6,1.844195519,1.344195519
41,-76.21983,-68.91646,-79.82575,-83.16689,-88.055,-95.64237,-62.42247,-59.44826,5.438327789,1,0.4,915.5,8.5,13,0,8,6.5,17.5,12.5,8.8,6.3,0,6,1.877800407,1.377800407
42,-91.40612,-75.16798,-86.17274,-103.53867,-101.41866,-85.09428,-70.50594,-68.84814,5.568269491,0,0.4,915.5,8.5,13,0,8,6.5,17.5,12.5,8.8,6.3,0,6,1.911405295,1.411405295
43,-76.53746,-62.68943,-79.62064,-79.05468,-84.92599,-82.49837,-55.84919,-52.38388,5.698293686,1,0.4,915.5,8.5,13,0,8,6.5,17.5,12.5,8.8,6.3,0,6,1.945010183,1.445010183
44,-73.26659,-67.49417,-83.63268,-85.12283,-88.12518,-87.01905,-58.25005,-56.70927,5.826248169,0,0.4,915.5,8.5,13,0,8,6.5,17.5,12.5,8.8,6.3,0,6,1.978615071,1.478615071
45,-77.04008,-63.00623,-93.70317,-85.94719,-84.23585,-85.29103,-51.6613,-52.68739,5.952504873,1,0.4,915.5,8.5,13,0,8,6.5,17.5,12.5,8.8,6.3,0,6,2.012219959,1.512219959
46,-77.70065,-64.23689,-80.34841,-81.17908,-86.42175,-80.46687,-58.99773,-56.25728,6.08275795,0,0.4,915.5,8.5,13,0,8,6.5,17.5,12.5,8.8,6.3,0,6,2.045824847,1.545824847
47,-70.5733,-62.21894,-82.99171,-84.30141,-85.32631,-85.73447,-56.76998,-55.16219,6.213534117,1,0.4,915.5,8.5,13,0,8,6.5,17.5,12.5,8.8,6.3,0,6,2.079429735,1.579429735
48,-70.76143,-60.98435,-75.95891,-76.97857,-85.00604,-80.09707,-51.42933,-51.99542,6.34322691,0,0.4,915.5,8.5,13,0,8,6.5,17.5,12.5,8.8,6.3,0,6,2.113034623,1.613034623
49,-72.58096,-61.10068,-75.1286,-80.0513,-99.5546,-79.11989,-54.82365,-53.22404,6.473100901,1,0.4,915.5,8.5,13,0,8,6.5,17.5,12.5,8.8,6.3,0,6,2.146639511,1.646639511
50,-84.42152,-60.68196,-76.93742,-82.77893,-92.62698,-84.83547,-56.10054,-53.86323,6.60369277,0,0.4,915.5,8.5,13,0,8,6.5,17.5,12.5,8.8,6.3,0,6,2.180244399,1.680244399
51,-74.2403,-69.99575,-78.73956,-84.21986,-91.53063,-85.68539,-61.55046,-61.37372,6.732915878,1,0.4,915.5,8.5,13,0,8,6.5,17.5,12.5,8.8,6.3,0,6,2.213849287,1.713849287
52,-72.06852,-73.55641,-80.97681,-85.2026,-90.32638,-84.28395,-64.64905,-64.60617,6.861544132,0,0.4,915.5,8.5,13,0,8,6.5,17.5,12.5,8.8,6.3,0,6,2.247454175,1.747454175
53,-76.77492,-67.79279,-83.16552,-81.48649,-81.46179,-88.22952,-64.45666,-61.01671,6.99059701,1,0.4,915.5,8.5,13,0,8,6.5,17.5,12.5,8.8,6.3,0,6,2.281059063,1.781059063
54,-75.03952,-76.08389,-82.02003,-86.95351,-88.6684,-82.36815,-67.00678,-63.88168,7.120805979,0,0.4,915.5,8.5,13,0,8,6.5,17.5,12.5,8.8,6.3,0,6,2.314663951,1.814663951
55,-84.89066,-71.87958,-87.67064,-90.91096,-98.79034,-87.41366,-64.46859,-64.62929,7.247788191,1,0.4,915.5,8.5,13,0,8,6.5,17.5,12.5,8.8,6.3,0,6,2.348268839,1.848268839
56,-87.57834,-79.23183,-100.74181,-95.19292,-86.52946,-87.66291,-78.92885,-78.90723,7.37975955,0,0.4,915.5,8.5,13,0,8,6.5,17.5,12.5,8.8,6.3,0,6,2.381873727,1.881873727
57,-83.56409,-80.17831,-99.75323,-96.63246,-89.46388,-85.46103,-78.26266,-73.14246,7.506669283,1,0.4,915.5,8.5,13,0,8,6.5,17.5,12.5,8.8,6.3,0,6,2.415478615,1.915478615
58,-80.47601,-87.33003,-96.90065,-103.83511,-90.40891,-85.35851,-74.1889,-76.14887,7.636423826,0,0.4,915.5,8.5,13,0,8,6.5,17.5,12.5,8.8,6.3,0,6,2.449083503,1.949083503
59,-81.76117,-72.39668,-79.24262,-79.61202,-83.88969,-84.61888,-62.21407,-61.35059,7.766984463,1,0.4,915.5,8.5,13,0,8,6.5,17.5,12.5,8.8,6.3,0,6,2.482688391,1.982688391
60,-83.3326,-69.45042,-80.30624,-82.52922,-92.03323,-81.55109,-61.41446,-61.12108,7.898163557,0,0.4,915.5,8.5,13,0,8,6.5,17.5,12.5,8.8,6.3,0,6,2.516293279,2.016293279
61,-83.94615,-76.73763,-86.83356,-85.57613,-92.24308,-92.45933,-84.14987,-77.32432,8.027782917,1,0.4,915.5,8.5,13,0,8,6.5,17.5,12.5,8.8,6.3,0,6,2.549898167,2.049898167
62,-74.30647,-73.51482,-78.63504,-78.99831,-81.87901,-93.40075,-56.33215,-55.65258,8.159686327,0,0.4,915.5,8.5,13,0,8,6.5,17.5,12.5,8.8,6.3,0,6,2.583503055,2.083503055
63,-83.22985,-74.18607,-86.57583,-82.67844,-87.25628,-83.51067,-63.34211,-65.55357,8.288237333,1,0.4,915.5,8.5,13,0,8,6.5,17.5,12.5,8.8,6.3,0,6,2.617107943,2.117107943
64,-78.65493,-64.86748,-74.14876,-76.2473,-80.66109,-81.79832,-61.34238,-63.26182,8.415938854,0,0.4,915.5,8.5,13,0,8,6.5,17.5,12.5,8.8,6.3,0,6,2.650712831,2.150712831
65,-84.96464,-69.46317,-84.24879,-82.2531,-87.69478,-93.94721,-61.86566,-60.9628,8.546246052,1,0.4,915.5,8.5,13,0,8,6.5,17.5,12.5,8.8,6.3,0,6,2.684317719,2.184317719
66,-72.07979,-66.46412,-79.25315,-78.26724,-88.31272,-81.29786,-59.19584,-61.71282,8.678300381,0,0.4,915.5,8.5,13,0,8,6.5,17.5,12.5,8.8,6.3,0,6,2.717922607,2.217922607
67,-75.50758,-66.8521,-90.52182,-92.04456,-84.17793,-82.55347,-66.75793,-67.24104,8.804530382,1,0.4,915.5,8.5,13,0,8,6.5,17.5,12.5,8.8,6.3,0,6,2.751527495,2.251527495
68,-69.8399,-64.02383,-84.18898,-80.24052,-90.84982,-93.88273,-65.24843,-61.54276,8.936536312,0,0.4,915.5,8.5,13,0,8,6.5,17.5,12.5,8.8,6.3,0,6,2.785132383,2.285132383
69,-69.63008,-64.50475,-77.83254,-78.22782,-100.6095,-85.70697,-67.36501,-66.40701,9.06538868,1,0.4,915.5,8.5,13,0,8,6.5,17.5,12.5,8.8,6.3,0,6,2.818737271,2.318737271
70,-74.7445,-67.20551,-88.06106,-87.10091,-90.98632,-92.20555,-67.27123,-66.8544,9.193393469,0,0.4,915.5,8.5,13,0,8,6.5,17.5,12.5,8.8,6.3,0,6,2.852342159,2.352342159
71,-69.94006,-61.46069,-76.7719,-75.41861,-85.31213,-80.54727,-61.27989,-60.1926,9.323103666,1,0.4,915.5,8.5,13,0,8,6.5,17.5,12.5,8.8,6.3,0,6,2.885947047,2.385947047
72,-80.36953,-79.32971,-95.74954,-99.89552,-97.48845,-82.84326,-81.14148,-80.46193,9.452654123,0,0.4,915.5,8.5,13,0,8,6.5,17.5,12.5,8.8,6.3,0,6,2.919551935,2.419551935
73,-76.62753,-93.99026,-96.26902,-100.55342,-98.97691,-83.72523,-95.51727,-78.3626,9.580375195,1,0.4,915.5,8.5,13,0,8,6.5,17.5,12.5,8.8,6.3,0,6,2.953156823,2.453156823
74,-75.40371,-74.8114,-83.41142,-85.52729,-86.99525,-85.92405,-73.86681,-71.90118,9.71222353,0,0.4,915.5,8.5,13,0,8,6.5,17.5,12.5,8.8,6.3,0,6,2.986761711,2.486761711
75,-78.83115,-72.88989,-84.60326,-83.21293,-86.12332,-85.59639,-70.26657,-74.02087,9.841258764,1,0.4,915.5,8.5,13,0,8,6.5,17.5,12.5,8.8,6.3,0,6,3.020366599,2.520366599
76,-76.41458,-66.47995,-78.39738,-80.28568,-86.93692,-76.56328,-64.76151,-62.80242,9.97027564,0,0.4,915.5,8.5,13,0,8,6.5,17.5,12.5,8.8,6.3,0,6,3.053971487,2.553971487
77,-73.40478,-69.88312,-91.88496,-84.213,-106.4752,-91.08387,-67.82394,-67.55299,10.10106158,1,0.4,915.5,8.5,13,0,8,6.5,17.5,12.5,8.8,6.3,0,6,3.087576375,2.587576375
78,-77.19616,-65.72862,-78.88296,-80.4369,-90.20277,-84.59464,-65.90892,-60.54859,10.23096395,0,0.4,915.5,8.5,13,0,8,6.5,17.5,12.5,8.8,6.3,0,6,3.121181263,2.621181263
79,-72.60275,-62.72113,-79.83062,-81.03929,-94.60358,-82.04151,-69.69999,-64.64958,10.3603766,1,0.4,915.5,8.5,13,0,8,6.5,17.5,12.5,8.8,6.3,0,6,3.154786151,2.654786151
80,-71.25388,-60.96601,-81.68819,-86.50619,-81.56579,-85.3656,-60.69736,-61.35802,10.49116206,0,0.4,915.5,8.5,13,0,8,6.5,17.5,12.5,8.8,6.3,0,6,3.188391039,2.688391039
81,-74.59681,-64.78236,-75.98891,-77.02464,-87.09637,-80.57099,-61.11091,-60.3588,10.61813164,1,0.4,915.5,8.5,13,0,8,6.5,17.5,12.5,8.8,6.3,0,6,3.221995927,2.721995927
82,-73.59383,-63.90447,-78.79403,-78.2442,-81.88889,-78.49376,-61.55555,-61.87206,10.74519587,0,0.4,915.5,8.5,13,0,8,6.5,17.5,12.5,8.8,6.3,0,6,3.255600815,2.755600815
83,-74.03967,-69.36834,-83.49364,-82.37861,-82.48422,-97.07186,-66.5999,-65.64932,10.87400317,1,0.4,915.5,8.5,13,0,8,6.5,17.5,12.5,8.8,6.3,0,6,3.289205703,2.789205703
84,-72.44268,-69.93845,-82.79165,-79.84074,-83.27145,-89.65949,-68.4713,-62.88616,11.00544167,0,0.4,915.5,8.5,13,0,8,6.5,17.5,12.5,8.8,6.3,0,6,3.322810591,2.822810591
85,-76.62439,-66.37723,-82.34527,-83.51263,-83.78487,-87.58012,-71.00813,-66.73708,11.13439417,1,0.4,915.5,8.5,13,0,8,6.5,17.5,12.5,8.8,6.3,0,6,3.356415479,2.856415479
86,-85.51915,-67.04556,-77.83356,-76.32127,-93.4777,-84.01747,-69.80601,-63.96914,11.26449323,0,0.4,915.5,8.5,13,0,8,6.5,17.5,12.5,8.8,6.3,0,6,3.390020367,2.890020367
87,-72.18346,-65.17357,-79.75443,-76.1876,-77.46261,-81.72561,-65.36377,-64.56643,11.39303374,1,0.4,915.5,8.5,13,0,8,6.5,17.5,12.5,8.8,6.3,0,6,3.423625255,2.923625255
88,-78.66313,-66.7253,-75.11786,-81.30428,-81.31115,-81.1647,-62.93518,-62.35971,11.52281618,0,0.4,915.5,8.5,13,0,8,6.5,17.5,12.5,8.8,6.3,0,6,3.457230143,2.957230143
89,-84.12277,-65.18965,-73.47703,-77.25384,-83.30019,-88.00949,-64.31982,-61.56834,11.65127087,1,0.4,915.5,8.5,13,0,8,6.5,17.5,12.5,8.8,6.3,0,6,3.490835031,2.990835031
90,-73.71012,-68.47224,-83.34247,-85.0691,-86.23265,-83.48463,-68.71609,-66.6213,11.78248835,0,0.4,915.5,8.5,13,0,8,6.5,17.5,12.5,8.8,6.3,0,6,3.524439919,3.024439919
91,-82.82819,-74.23401,-86.89773,-89.16245,-89.23305,-88.22544,-82.78625,-77.46612,11.9094069,1,0.4,915.5,8.5,13,0,8,6.5,17.5,12.5,8.8,6.3,0,6,3.558044807,3.058044807
92,-71.54918,-68.35194,-84.59626,-88.94553,-94.60089,-87.83486,-75.56606,-68.97652,12.03856826,0,0.4,915.5,8.5,13,0,8,6.5,17.5,12.5,8.8,6.3,0,6,3.591649695,3.091649695
93,-90.08092,-67.47183,-85.65324,-82.85994,-86.29419,-79.91074,-76.63713,-74.07057,12.16670156,1,0.4,915.5,8.5,13,0,8,6.5,17.5,12.5,8.8,6.3,0,6,3.625254582,3.125254582
94,-89.43687,-62.14003,-76.63078,-78.21227,-99.09657,-79.8689,-68.70004,-64.86699,12.29624319,0,0.4,915.5,8.5,13,0,8,6.5,17.5,12.5,8.8,6.3,0,6,3.65885947,3.15885947
95,-71.33672,-65.96087,-78.22235,-82.93224,-94.02119,-90.44216,-64.95866,-64.80069,12.42581177,1,0.4,915.5,8.5,13,0,8,6.5,17.5,12.5,8.8,6.3,0,6,3.692464358,3.192464358
96,-70.39053,-64.83572,-74.86531,-79.98026,-81.23303,-82.62804,-67.26055,-64.09603,12.5555346,0,0.4,915.5,8.5,13,0,8,6.5,17.5,12.5,8.8,6.3,0,6,3.726069246,3.226069246
97,-78.39391,-66.85195,-84.75264,-86.87592,-84.11971,-80.24169,-68.13137,-69.56154,12.68430948,1,0.4,915.5,8.5,13,0,8,6.5,17.5,12.5,8.8,6.3,0,6,3.759674134,3.259674134
98,-72.00629,-66.68024,-78.10165,-78.84686,-86.99533,-90.40414,-64.15778,-63.87288,12.81483293,0,0.4,915.5,8.5,13,0,8,6.5,17.5,12.5,8.8,6.3,0,6,3.793279022,3.293279022
99,-69.82928,-65.29578,-74.7683,-78.41553,-82.83417,-77.18436,-64.53271,-62.14917,12.94427562,1,0.4,915.5,8.5,13,0,8,6.5,17.5,12.5,8.8,6.3,0,6,3.82688391,3.32688391
100,-72.78719,-63.13429,-72.76717,-77.32302,-79.5379,-77.56719,-61.31929,-59.97868,13.07249498,0,0.4,915.5,8.5,13,0,8,6.5,17.5,12.5,8.8,6.3,0,6,3.860488798,3.360488798
101,-80.46848,-60.70811,-69.27956,-73.14403,-89.12853,-81.96171,-61.7571,-58.13717,13.19831157,1,0.4,915.5,8.5,13,0,8,6.5,17.5,12.5,8.8,6.3,0,6,3.894093686,3.394093686
102,-78.39113,-60.21245,-74.16604,-75.45116,-87.51135,-89.03155,-67.8114,-61.78771,13.32960796,0,0.4,915.5,8.5,13,0,8,6.5,17.5,12.5,8.8,6.3,0,6,3.927698574,3.427698574
103,-70.34998,-61.70854,-75.99776,-77.36948,-85.8063,-81.68717,-65.22746,-62.08991,13.45844316,1,0.4,915.5,8.5,13,0,8,6.5,17.5,12.5,8.8,6.3,0,6,3.961303462,3.461303462
104,-81.15292,-64.67966,-75.08481,-79.77758,-90.7375,-81.20251,-72.47345,-64.89445,13.58895802,0,0.4,915.5,8.5,13,0,8,6.5,17.5,12.5,8.8,6.3,0,6,3.99490835,3.49490835
105,-70.1557,-64.27177,-82.73325,-82.81065,-93.59955,-86.41595,-69.84767,-68.84035,13.71668935,1,0.4,915.5,8.5,13,0,8,6.5,17.5,12.5,8.8,6.3,0,6,4.028513238,3.528513238
106,-72.6146,-66.761,-80.02002,-79.11674,-92.47845,-83.01601,-72.1145,-67.48873,13.84816098,0,0.4,915.5,8.5,13,0,8,6.5,17.5,12.5,8.8,6.3,0,6,4.062118126,3.562118126
107,-85.59911,-70.54218,-84.18302,-90.55779,-86.23678,-78.33785,-88.50873,-77.98544,13.97720647,1,0.4,915.5,8.5,13,0,8,6.5,17.5,12.5,8.8,6.3,0,6,4.095723014,3.595723014
108,-73.92578,-65.34657,-86.87315,-83.08895,-95.11372,-82.92052,-70.24445,-69.90531,14.1083653,0,0.4,915.5,8.5,13,0,8,6.5,17.5,12.5,8.8,6.3,0,6,4.129327902,3.629327902
109,-88.56083,-71.38907,-95.77676,-92.27518,-95.93744,-81.64557,-80.42278,-78.11088,14.2363143,1,0.4,915.5,8.5,13,0,8,6.5,17.5,12.5,8.8,6.3,0,6,4.16293279,3.66293279
110,-76.39758,-66.11745,-81.95393,-81.17792,-80.55291,-77.03522,-66.10339,-65.24526,14.36753225,0,0.4,915.5,8.5,13,0,8,6.5,17.5,12.5,8.8,6.3,0,6,4.196537678,3.696537678
111,-71.39987,-66.42941,-77.76793,-77.96949,-80.56474,-96.72346,-66.28561,-65.17129,14.49548388,1,0.4,915.5,8.5,13,0,8,6.5,17.5,12.5,8.8,6.3,0,6,4.230142566,3.730142566
112,-69.28348,-62.44922,-75.08338,-76.66105,-77.13041,-89.10319,-67.34427,-62.40627,14.62519789,0,0.4,915.5,8.5,13,0,8,6.5,17.5,12.5,8.8,6.3,0,6,4.263747454,3.763747454
113,-73.72337,-62.96235,-75.3606,-77.08835,-84.80023,-80.12489,-66.63128,-63.12339,14.75265861,1,0.4,915.5,8.5,13,0,8,6.5,17.5,12.5,8.8,6.3,0,6,4.297352342,3.797352342
114,-66.42772,-60.12085,-70.80601,-73.01038,-78.88557,-80.62693,-65.15469,-61.27189,14.88437724,0,0.4,915.5,8.5,13,0,8,6.5,17.5,12.5,8.8,6.3,0,6,4.33095723,3.83095723
115,-69.58247,-62.01336,-72.98729,-73.61376,-78.26138,-92.99599,-66.55949,-63.32564,15.01284003,1,0.4,915.5,8.5,13,0,8,6.5,17.5,12.5,8.8,6.3,0,6,4.364562118,3.864562118
116,-71.97054,-61.00211,-72.64271,-72.21529,-78.67031,-89.65598,-65.04134,-62.69987,15.14298153,0,0.4,915.5,8.5,13,0,8,6.5,17.5,12.5,8.8,6.3,0,6,4.398167006,3.898167006
117,-73.32753,-61.74198,-74.53233,-76.94433,-79.97411,-77.04696,-69.63306,-66.07767,15.27173281,1,0.4,915.5,8.5,13,0,8,6.5,17.5,12.5,8.8,6.3,0,6,4.431771894,3.931771894
118,-72.45904,-60.4665,-74.00218,-77.00903,-81.20586,-77.3809,-67.18198,-64.34533,15.40303373,0,0.4,915.5,8.5,13,0,8,6.5,17.5,12.5,8.8,6.3,0,6,4.465376782,3.965376782
119,-79.50758,-68.18394,-78.47234,-80.28136,-87.92082,-88.40635,-76.28809,-71.21075,15.53390718,1,0.4,915.5,8.5,13,0,8,6.5,17.5,12.5,8.8,6.3,0,6,4.49898167,3.99898167
120,-80.18984,-65.23587,-79.37694,-79.45681,-81.37434,-77.55333,-69.96778,-66.78352,15.6653645,0,0.4,915.5,8.5,13,0,8,6.5,17.5,12.5,8.8,6.3,0,6,4.532586558,4.032586558
121,-75.8033,-71.47372,-82.31403,-79.40499,-91.98079,-94.83894,-77.15176,-71.26442,15.79526544,1,0.4,915.5,8.5,13,0,8,6.5,17.5,12.5,8.8,6.3,0,6,4.566191446,4.066191446
122,-70.93761,-69.72203,-83.25103,-84.66286,-88.35414,-81.63101,-77.29743,-72.69735,15.92593098,0,0.4,915.5,8.5,13,0,8,6.5,17.5,12.5,8.8,6.3,0,6,4.599796334,4.099796334
123,-77.59899,-70.92873,-82.32674,-84.19981,-88.10253,-82.1432,-80.89926,-78.21956,16.05531931,1,0.4,915.5,8.5,13,0,8,6.5,17.5,12.5,8.8,6.3,0,6,4.633401222,4.133401222
124,-79.14055,-61.15741,-73.42993,-72.12083,-82.37701,-75.08255,-74.15737,-70.47349,16.18393874,0,0.4,915.5,8.5,13,0,8,6.5,17.5,12.5,8.8,6.3,0,6,4.66700611,4.16700611
125,-74.73354,-65.44106,-77.32714,-80.57299,-89.54166,-78.01069,-68.56794,-71.26138,16.31326008,1,0.4,915.5,8.5,13,0,8,6.5,17.5,12.5,8.8,6.3,0,6,4.700610998,4.200610998
126,-69.74039,-61.10571,-75.2979,-71.78342,-79.89754,-77.8804,-67.81152,-65.93753,16.44610476,0,0.4,915.5,8.5,13,0,8,6.5,17.5,12.5,8.8,6.3,0,6,4.734215886,4.234215886
127,-67.50064,-61.17891,-78.38911,-74.39149,-87.8663,-79.04854,-67.88416,-74.10315,16.57352304,1,0.4,915.5,8.5,13,0,8,6.5,17.5,12.5,8.8,6.3,0,6,4.767820774,4.267820774
128,-68.04037,-59.09946,-75.41836,-74.3518,-82.35208,-78.01646,-64.31612,-65.93075,16.7032299,0,0.4,915.5,8.5,13,0,8,6.5,17.5,12.5,8.8,6.3,0,6,4.801425662,4.301425662
129,-86.39413,-59.99463,-73.86946,-73.71785,-82.48372,-79.15775,-72.20743,-68.81362,16.83137965,1,0.4,915.5,8.5,13,0,8,6.5,17.5,12.5,8.8,6.3,0,6,4.83503055,4.33503055
130,-69.83704,-60.14751,-72.59612,-74.402,-77.25757,-79.24886,-67.12937,-68.72603,16.96223545,0,0.4,915.5,8.5,13,0,8,6.5,17.5,12.5,8.8,6.3,0,6,4.868635438,4.368635438
131,-68.08623,-61.93008,-72.62963,-73.03954,-78.08419,-88.50272,-66.33959,-65.61646,17.09098196,1,0.4,915.5,8.5,13,0,8,6.5,17.5,12.5,8.8,6.3,0,6,4.902240326,4.402240326
132,-72.26667,-64.45732,-74.43597,-75.75513,-80.71764,-97.78301,-71.18775,-76.5334,17.22242427,0,0.4,915.5,8.5,13,0,8,6.5,17.5,12.5,8.8,6.3,0,6,4.935845214,4.435845214
133,-74.56311,-63.18454,-73.50757,-81.02814,-76.95126,-79.14691,-67.77003,-65.59404,17.34920931,1,0.4,915.5,8.5,13,0,8,6.5,17.5,12.5,8.8,6.3,0,6,4.969450102,4.469450102
134,-71.48214,-64.84877,-74.84445,-77.68572,-79.94667,-83.72778,-75.03548,-69.91359,17.48201799,0,0.4,915.5,8.5,13,0,8,6.5,17.5,12.5,8.8,6.3,0,6,5.00305499,4.50305499
135,-75.73131,-69.82973,-82.41142,-83.53903,-80.83653,-93.93267,-71.70097,-71.51446,17.61202025,1,0.4,915.5,8.5,13,0,8,6.5,17.5,12.5,8.8,6.3,0,6,5.036659878,4.536659878
136,-73.22648,-64.40955,-74.46577,-73.90489,-79.26668,-88.20243,-67.88007,-66.48116,17.74232554,0,0.4,915.5,8.5,13,0,8,6.5,17.5,12.5,8.8,6.3,0,6,5.070264766,4.570264766
137,-88.23389,-71.36066,-84.40648,-88.0826,-89.43666,-87.94476,-78.11891,-72.98544,17.87097144,1,0.4,915.5,8.5,13,0,8,6.5,17.5,12.5,8.8,6.3,0,6,5.103869654,4.603869654
138,-69.71082,-61.50998,-74.61502,-75.74831,-76.82244,-75.76881,-64.12019,-66.03291,18.00185442,0,0.4,915.5,8.5,13,0,8,6.5,17.5,12.5,8.8,6.3,0,6,5.137474542,4.637474542
139,-75.85487,-62.38504,-74.57825,-76.28638,-78.0673,-78.71933,-69.42751,-66.64894,18.1306541,1,0.4,915.5,8.5,13,0,8,6.5,17.5,12.5,8.8,6.3,0,6,5.17107943,4.67107943
140,-72.10845,-59.07018,-67.417,-71.74754,-72.36495,-78.2514,-62.48616,-64.56343,18.26141834,0,0.4,915.5,8.5,13,0,8,6.5,17.5,12.5,8.8,6.3,0,6,5.204684318,4.704684318
141,-67.21001,-60.6466,-68.76579,-72.86126,-74.84111,-98.31933,-63.27659,-63.41476,18.38932705,1,0.4,915.5,8.5,13,0,8,6.5,17.5,12.5,8.8,6.3,0,6,5.238289206,4.738289206
142,-66.93846,-58.93779,-67.88647,-73.8282,-75.03265,-78.49654,-68.25006,-73.26611,18.51878357,0,0.4,915.5,8.5,13,0,8,6.5,17.5,12.5,8.8,6.3,0,6,5.271894094,4.771894094
143,-73.30224,-60.94501,-72.02024,-76.92529,-76.00104,-82.85084,-67.85684,-65.75233,18.6466794,1,0.4,915.5,8.5,13,0,8,6.5,17.5,12.5,8.8,6.3,0,6,5.305498982,4.805498982
144,-74.37334,-63.20716,-73.46596,-77.69659,-76.27217,-84.86568,-71.65324,-73.20032,18.77519917,0,0.4,915.5,8.5,13,0,8,6.5,17.5,12.5,8.8,6.3,0,6,5.33910387,4.83910387
145,-73.24972,-66.46336,-74.13585,-79.95872,-76.42276,-85.75012,-69.93547,-69.19993,18.90451312,1,0.4,915.5,8.5,13,0,8,6.5,17.5,12.5,8.8,6.3,0,6,5.372708758,4.872708758
146,-70.15209,-63.46282,-75.0713,-76.72504,-74.06714,-84.73239,-67.96809,-68.73022,19.03428411,0,0.4,915.5,8.5,13,0,8,6.5,17.5,12.5,8.8,6.3,0,6,5.406313646,4.906313646
147,-67.43354,-60.93813,-72.10632,-76.42506,-74.90099,-76.95727,-68.69511,-67.99543,19.16231108,1,0.4,915.5,8.5,13,0,8,6.5,17.5,12.5,8.8,6.3,0,6,5.439918534,4.939918534
148,-76.07281,-64.00941,-74.70602,-77.89746,-74.39246,-78.9544,-69.72861,-74.86009,19.29353786,0,0.4,915.5,8.5,13,0,8,6.5,17.5,12.5,8.8,6.3,0,6,5.473523422,4.973523422
149,-77.14738,-70.43216,-76.58459,-80.70078,-89.33706,-89.30746,-77.52007,-72.78985,19.42353177,1,0.4,915.5,8.5,13,0,8,6.5,17.5,12.5,8.8,6.3,0,6,5.50712831,5.00712831
150,-74.40181,-61.18784,-69.30716,-73.78049,-74.39209,-87.69128,-69.84229,-70.98878,19.5555253,0,0.4,915.5,8.5,13,0,8,6.5,17.5,12.5,8.8,6.3,0,6,5.540733198,5.040733198
151,-76.14101,-70.61607,-78.20268,-78.43597,-79.69566,-87.29835,-73.33805,-71.05725,19.68297529,1,0.4,915.5,8.5,13,0,8,6.5,17.5,12.5,8.8,6.3,0,6,5.574338086,5.074338086
152,-68.86214,-59.85206,-68.04488,-69.59161,-76.28284,-77.22102,-74.53677,-73.62485,19.81304836,0,0.4,915.5,8.5,13,0,8,6.5,17.5,12.5,8.8,6.3,0,6,5.607942974,5.107942974
153,-66.78387,-60.12083,-66.99918,-70.85297,-75.21578,-83.74119,-68.80667,-66.58963,19.94042873,1,0.4,915.5,8.5,13,0,8,6.5,17.5,12.5,8.8,6.3,0,6,5.641547862,5.141547862
154,-69.40504,-62.00024,-71.25855,-69.48213,-77.84608,-91.8031,-68.22376,-72.65043,20.07213926,0,0.4,915.5,8.5,13,0,8,6.5,17.5,12.5,8.8,6.3,0,6,5.675152749,5.175152749
155,-66.79797,-60.88273,-68.75005,-68.50189,-75.01835,-76.43391,-75.92812,-66.96098,20.20117855,1,0.4,915.5,8.5,13,0,8,6.5,17.5,12.5,8.8,6.3,0,6,5.708757637,5.208757637
156,-65.33455,-59.41546,-66.36594,-69.71564,-72.83482,-71.84257,-68.01431,-64.85201,20.33367562,0,0.4,915.5,8.5,13,0,8,6.5,17.5,12.5,8.8,6.3,0,6,5.742362525,5.242362525
157,-65.15591,-59.11539,-67.12596,-70.14508,-71.63231,-73.71059,-68.82519,-73.40344,20.46051121,1,0.4,915.5,8.5,13,0,8,6.5,17.5,12.5,8.8,6.3,0,6,5.775967413,5.275967413
158,-65.51363,-59.50644,-66.61625,-68.75907,-71.13898,-81.07741,-70.01953,-63.58596,20.59107256,0,0.4,915.5,8.5,13,0,8,6.5,17.5,12.5,8.8,6.3,0,6,5.809572301,5.309572301
159,-67.36825,-59.46958,-68.01058,-71.19323,-72.61541,-75.94393,-67.16077,-69.43603,20.71993756,1,0.4,915.5,8.5,13,0,8,6.5,17.5,12.5,8.8,6.3,0,6,5.843177189,5.343177189
160,-70.9534,-61.00114,-70.30457,-74.11398,-74.88987,-76.11253,-66.33775,-69.23689,20.85051417,0,0.4,915.5,8.5,13,0,8,6.5,17.5,12.5,8.8,6.3,0,6,5.876782077,5.376782077
161,-76.0824,-65.52419,-77.19584,-78.72588,-79.76107,-85.29675,-77.60382,-77.81954,20.98142648,1,0.4,915.5,8.5,13,0,8,6.5,17.5,12.5,8.8,6.3,0,6,5.910386965,5.410386965
162,-69.84443,-62.66468,-70.12341,-71.1021,-73.54852,-77.52651,-69.45071,-70.82636,21.11225414,0,0.4,915.5,8.5,13,0,8,6.5,17.5,12.5,8.8,6.3,0,6,5.943991853,5.443991853
163,-79.2456,-65.46825,-71.01292,-75.05418,-76.66924,-82.05933,-72.2624,-71.69441,21.24299741,1,0.4,915.5,8.5,13,0,8,6.5,17.5,12.5,8.8,6.3,0,6,5.977596741,5.477596741
164,-67.93037,-61.29356,-69.61668,-72.36826,-70.04967,-72.53983,-79.40681,-70.06638,21.37472463,0,0.4,915.5,8.5,13,0,8,6.5,17.5,12.5,8.8,6.3,0,6,6.011201629,5.511201629
165,-71.33889,-62.60569,-71.78181,-72.67941,-72.72061,-78.00313,-69.98354,-73.6813,21.50343466,1,0.4,915.5,8.5,13,0,8,6.5,17.5,12.5,8.8,6.3,0,6,6.044806517,5.544806517
166,-65.40569,-59.76637,-66.17751,-67.33679,-67.75743,-84.72407,-65.70694,-67.28355,21.63247848,0,0.4,915.5,8.5,13,0,8,6.5,17.5,12.5,8.8,6.3,0,6,6.078411405,5.578411405
167,-70.8623,-61.8334,-70.46165,-71.30713,-70.10925,-86.95317,-69.40753,-69.41517,21.76384568,1,0.4,915.5,8.5,13,0,8,6.5,17.5,12.5,8.8,6.3,0,6,6.112016293,5.612016293
168,-66.12753,-57.3542,-65.85036,-66.4129,-69.5915,-81.17204,-65.18979,-64.65701,21.8961165,0,0.4,915.5,8.5,13,0,8,6.5,17.5,12.5,8.8,6.3,0,6,6.145621181,5.645621181
169,-81.8789,-57.03005,-66.43209,-64.33746,-69.72524,-75.41721,-70.65398,-102.79345,22.02754259,1,0.4,915.5,8.5,13,0,8,6.5,17.5,12.5,8.8,6.3,0,6,6.179226069,5.679226069
170,-68.10755,-60.2782,-70.20957,-68.02718,-73.26852,-80.1833,-66.30321,-68.10152,22.15844989,0,0.4,915.5,8.5,13,0,8,6.5,17.5,12.5,8.8,6.3,0,6,6.212830957,5.712830957
171,-67.53358,-58.18044,-67.84409,-67.53207,-70.74635,-74.15587,-72.87263,-70.4484,22.28423429,1,0.4,915.5,8.5,13,0,8,6.5,17.5,12.5,8.8,6.3,0,6,6.246435845,5.746435845
172,-67.60522,-57.90997,-71.85518,-69.91341,-69.50845,-72.83061,-68.17023,-75.0043,22.41435599,0,0.4,915.5,8.5,13,0,8,6.5,17.5,12.5,8.8,6.3,0,6,6.280040733,5.780040733
173,-66.7122,-58.20951,-69.18983,-69.01508,-68.89291,-72.38112,-64.27645,-65.84863,22.5439477,1,0.4,915.5,8.5,13,0,8,6.5,17.5,12.5,8.8,6.3,0,6,6.313645621,5.813645621
174,-69.08868,-62.1441,-70.89915,-71.00004,-72.28907,-76.15659,-79.3306,-78.95546,22.67382908,0,0.4,915.5,8.5,13,0,8,6.5,17.5,12.5,8.8,6.3,0,6,6.347250509,5.847250509
175,-86.72246,-58.48843,-67.75782,-68.43343,-73.11325,-75.07494,-63.87223,-66.27887,22.8001771,1,0.4,915.5,8.5,13,0,8,6.5,17.5,12.5,8.8,6.3,0,6,6.380855397,5.880855397
176,-67.91652,-59.59969,-68.04314,-69.79525,-74.76767,-71.16933,-67.08797,-70.14651,22.93067002,0,0.4,915.5,8.5,13,0,8,6.5,17.5,12.5,8.8,6.3,0,6,6.414460285,5.914460285
177,-67.13029,-60.16861,-69.0974,-68.4577,-74.32182,-70.5217,-67.87186,-72.73967,23.05748391,1,0.4,915.5,8.5,13,0,8,6.5,17.5,12.5,8.8,6.3,0,6,6.448065173,5.948065173
178,-63.17714,-60.61554,-66.86434,-68.12059,-77.09212,-70.30389,-62.78051,-63.75644,23.19015169,0,0.4,915.5,8.5,13,0,8,6.5,17.5,12.5,8.8,6.3,0,6,6.481670061,5.981670061
179,-71.60885,-58.71029,-64.77831,-67.41925,-72.41014,-69.45796,-67.59791,-67.54338,23.31855702,1,0.4,915.5,8.5,13,0,8,6.5,17.5,12.5,8.8,6.3,0,6,6.515274949,6.015274949
180,-70.41901,-60.12469,-67.81904,-69.56179,-72.56196,-71.65858,-64.31421,-67.04205,23.44896388,0,0.4,915.5,8.5,13,0,8,6.5,17.5,12.5,8.8,6.3,0,6,6.548879837,6.048879837
181,-76.51842,-58.7651,-62.96919,-68.9885,-68.33857,-68.30077,-63.42813,-63.20629,23.57790303,1,0.4,915.5,8.5,13,0,8,6.5,17.5,12.5,8.8,6.3,0,6,6.582484725,6.082484725
182,-66.66738,-60.81934,-64.71957,-69.42272,-69.57225,-71.28307,-72.09164,-64.41775,23.70912838,0,0.4,915.5,8.5,13,0,8,6.5,17.5,12.5,8.8,6.3,0,6,6.616089613,6.116089613
183,-68.84683,-59.87827,-66.45525,-69.75441,-71.23156,-73.99588,-63.90191,-64.81842,23.83821487,1,0.4,915.5,8.5,13,0,8,6.5,17.5,12.5,8.8,6.3,0,6,6.649694501,6.149694501
184,-65.51229,-58.24245,-62.68979,-66.87465,-68.75059,-73.59384,-65.18335,-63.91196,23.96795321,0,0.4,915.5,8.5,13,0,8,6.5,17.5,12.5,8.8,6.3,0,6,6.683299389,6.183299389
185,-62.86897,-57.31338,-64.29088,-67.18864,-68.01669,-71.52046,-63.69785,-61.57856,24.09577227,1,0.4,915.5,8.5,13,0,8,6.5,17.5,12.5,8.8,6.3,0,6,6.716904277,6.216904277
186,-63.86623,-59.18616,-66.48603,-68.66627,-69.11403,-72.32742,-63.6525,-64.59879,24.22554159,0,0.4,915.5,8.5,13,0,8,6.5,17.5,12.5,8.8,6.3,0,6,6.750509165,6.250509165
187,-65.23074,-59.22457,-64.56828,-67.21344,-67.12247,-69.69408,-63.85297,-64.79785,24.35500717,1,0.4,915.5,8.5,13,0,8,6.5,17.5,12.5,8.8,6.3,0,6,6.784114053,6.284114053
188,-69.70023,-62.96654,-68.9096,-69.51389,-69.91649,-71.25455,-65.23586,-66.0136,24.48663592,0,0.4,915.5,8.5,13,0,8,6.5,17.5,12.5,8.8,6.3,0,6,6.817718941,6.317718941
189,-65.12252,-58.89167,-63.23339,-65.7455,-66.08473,-67.91721,-63.91767,-66.25756,24.61493611,1,0.4,915.5,8.5,13,0,8,6.5,17.5,12.5,8.8,6.3,0,6,6.851323829,6.351323829
190,-67.38548,-61.35098,-66.95204,-68.76615,-70.68333,-72.48125,-64.88391,-62.6403,24.74607754,0,0.4,915.5,8.5,13,0,8,6.5,17.5,12.5,8.8,6.3,0,6,6.884928717,6.384928717
191,-78.22829,-57.63617,-64.059,-65.07473,-68.00027,-69.55028,-62.58207,-62.09339,24.8759582,1,0.4,915.5,8.5,13,0,8,6.5,17.5,12.5,8.8,6.3,0,6,6.918533605,6.418533605
192,-67.78296,-60.90213,-68.29072,-70.13464,-71.90827,-72.43103,-67.19523,-67.55066,25.00616312,0,0.4,915.5,8.5,13,0,8,6.5,17.5,12.5,8.8,6.3,0,6,6.952138493,6.452138493
193,-66.34577,-55.96927,-65.57166,-67.40876,-65.81397,-72.06281,-61.06604,-59.24902,25.13538194,1,0.4,915.5,8.5,13,0,8,6.5,17.5,12.5,8.8,6.3,0,6,6.985743381,6.485743381
194,-68.57644,-57.33078,-66.24901,-68.0407,-67.99017,-76.7788,-68.32181,-72.84448,25.26554346,0,0.4,915.5,8.5,13,0,8,6.5,17.5,12.5,8.8,6.3,0,6,7.019348269,6.519348269
195,-65.76138,-56.11988,-64.60945,-66.30733,-63.92012,-69.18219,-62.11262,-59.73484,25.39480162,1,0.4,915.5,8.5,13,0,8,6.5,17.5,12.5,8.8,6.3,0,6,7.052953157,6.552953157
196,-81.27244,-57.63602,-65.44955,-68.57581,-67.62677,-68.46248,-64.90726,-63.40039,25.52519655,0,0.4,915.5,8.5,13,0,8,6.5,17.5,12.5,8.8,6.3,0,6,7.086558045,6.586558045
197,-80.65176,-57.15184,-63.86681,-68.51144,-67.47755,-69.83646,-63.8407,-67.40275,25.65439868,1,0.4,915.5,8.5,13,0,8,6.5,17.5,12.5,8.8,6.3,0,6,7.120162933,6.620162933
198,-84.01946,-62.45043,-69.16159,-70.22984,-72.84866,-71.90379,-63.72864,-62.99611,25.78493786,0,0.4,915.5,8.5,13,0,8,6.5,17.5,12.5,8.8,6.3,0,6,7.153767821,6.653767821
199,-64.9233,-58.83453,-65.07637,-67.01548,-69.20578,-68.87936,-65.17978,-62.1017,25.913131,1,0.4,915.5,8.5,13,0,8,6.5,17.5,12.5,8.8,6.3,0,6,7.187372709,6.687372709
200,-69.44661,-60.0839,-70.15415,-71.1832,-71.37814,-74.56703,-65.24891,-66.13695,26.04299903,0,0.4,915.5,8.5,13,0,8,6.5,17.5,12.5,8.8,6.3,0,6,7.220977597,6.720977597
201,-66.06054,-55.6613,-64.53578,-63.66674,-64.93846,-70.44551,-62.11619,-58.36122,26.17233324,1,0.4,915.5,8.5,13,0,8,6.5,17.5,12.5,8.8,6.3,0,6,7.254582485,6.754582485
202,-68.43104,-61.36071,-69.06198,-69.12285,-70.33238,-71.62526,-70.37733,-67.01887,26.30159616,0,0.4,915.5,8.5,13,0,8,6.5,17.5,12.5,8.8,6.3,0,6,7.288187373,6.788187373
203,-64.54584,-57.46458,-64.05637,-66.05326,-65.36472,-68.0955,-59.90364,-61.49617,26.42781663,1,0.4,915.5,8.5,13,0,8,6.5,17.5,12.5,8.8,6.3,0,6,7.321792261,6.821792261
204,-75.92904,-65.16216,-72.34595,-73.35078,-77.60526,-78.45217,-70.32833,-67.98158,26.55732059,0,0.4,915.5,8.5,13,0,8,6.5,17.5,12.5,8.8,6.3,0,6,7.355397149,6.855397149
205,-64.56266,-58.88037,-65.75014,-67.71803,-67.76346,-70.79161,-62.14915,-65.05945,26.68626523,1,0.4,915.5,8.5,13,0,8,6.5,17.5,12.5,8.8,6.3,0,6,7.389002037,6.889002037
206,-69.50217,-62.88273,-71.57218,-73.91574,-71.67104,-74.54202,-66.5402,-66.2584,26.81595063,0,0.4,915.5,8.5,13,0,8,6.5,17.5,12.5,8.8,6.3,0,6,7.422606925,6.922606925
207,-79.92125,-57.93687,-65.1993,-69.06948,-66.16985,-68.84791,-65.33836,-65.52772,26.94417238,1,0.4,915.5,8.5,13,0,8,6.5,17.5,12.5,8.8,6.3,0,6,7.456211813,6.956211813
208,-80.23277,-61.40801,-70.09544,-72.4062,-69.68464,-70.0798,-65.90731,-67.47791,27.074193,0,0.4,915.5,8.5,13,0,8,6.5,17.5,12.5,8.8,6.3,0,6,7.489816701,6.989816701
209,-67.5182,-58.27707,-66.04639,-69.27483,-66.41127,-68.95437,-66.62682,-65.58549,27.20151591,1,0.4,915.5,8.5,13,0,8,6.5,17.5,12.5,8.8,6.3,0,6,7.523421589,7.023421589
210,-73.89598,-62.87481,-70.72763,-77.39359,-73.33469,-77.4425,-67.2616,-70.11116,27.33371806,0,0.4,915.5,8.5,13,0,8,6.5,17.5,12.5,8.8,6.3,0,6,7.557026477,7.057026477
211,-66.33408,-58.84129,-66.84478,-69.14133,-70.60088,-70.80846,-62.55769,-63.26438,27.46331477,1,0.4,915.5,8.5,13,0,8,6.5,17.5,12.5,8.8,6.3,0,6,7.590631365,7.090631365
212,-68.38062,-62.09383,-71.81387,-72.64381,-76.38242,-74.33691,-68.94325,-70.53812,27.59502172,0,0.4,915.5,8.5,13,0,8,6.5,17.5,12.5,8.8,6.3,0,6,7.624236253,7.124236253
213,-68.97195,-60.23919,-66.97686,-70.36303,-68.75239,-69.71603,-62.28144,-62.80781,27.72281837,1,0.4,915.5,8.5,13,0,8,6.5,17.5,12.5,8.8,6.3,0,6,7.657841141,7.157841141
214,-79.02593,-60.2718,-66.54082,-69.86111,-67.31638,-69.50971,-65.96159,-63.79578,27.85344362,0,0.4,915.5,8.5,13,0,8,6.5,17.5,12.5,8.8,6.3,0,6,7.691446029,7.191446029
215,-88.78631,-58.22274,-67.34926,-67.22954,-66.35113,-70.93697,-64.72565,-71.31016,27.98034906,1,0.4,915.5,8.5,13,0,8,6.5,17.5,12.5,8.8,6.3,0,6,7.725050916,7.225050916
216,-67.46912,-60.78347,-68.76366,-70.66827,-68.71101,-70.41555,-63.6287,-62.00411,28.11094546,0,0.4,915.5,8.5,13,0,8,6.5,17.5,12.5,8.8,6.3,0,6,7.758655804,7.258655804
217,-62.00395,-56.44742,-66.37527,-69.32814,-67.26147,-68.32383,-65.59334,-63.03175,28.24053621,1,0.4,915.5,8.5,13,0,8,6.5,17.5,12.5,8.8,6.3,0,6,7.792260692,7.292260692
218,-68.87962,-60.38101,-71.09535,-71.21908,-72.84059,-72.05328,-67.802,-68.80598,28.37062883,0,0.4,915.5,8.5,13,0,8,6.5,17.5,12.5,8.8,6.3,0,6,7.82586558,7.32586558
219,-70.93266,-59.25763,-67.27576,-67.17332,-68.86588,-67.9529,-63.2238,-61.51018,28.49905348,1,0.4,915.5,8.5,13,0,8,6.5,17.5,12.5,8.8,6.3,0,6,7.859470468,7.359470468
220,-70.26064,-62.11293,-70.40402,-69.43303,-69.29289,-71.58981,-66.48421,-68.39918,28.62749004,0,0.4,915.5,8.5,13,0,8,6.5,17.5,12.5,8.8,6.3,0,6,7.893075356,7.393075356
221,-66.01564,-61.19046,-65.88454,-66.42118,-65.83775,-69.14197,-64.52735,-61.93583,28.75384879,1,0.4,915.5,8.5,13,0,8,6.5,17.5,12.5,8.8,6.3,0,6,7.926680244,7.426680244
222,-63.74917,-61.33895,-68.73021,-67.96751,-67.77331,-71.54504,-63.33414,-63.31361,28.88305283,0,0.4,915.5,8.5,13,0,8,6.5,17.5,12.5,8.8,6.3,0,6,7.960285132,7.460285132
223,-65.4661,-59.83359,-67.44593,-67.71109,-68.6531,-70.66273,-63.91038,-66.55098,29.0124886,1,0.4,915.5,8.5,13,0,8,6.5,17.5,12.5,8.8,6.3,0,6,7.99389002,7.49389002
224,-67.38506,-59.71751,-66.63467,-68.44189,-71.01585,-69.67535,-66.41345,-63.90955,29.14423823,0,0.4,915.5,8.5,13,0,8,6.5,17.5,12.5,8.8,6.3,0,6,8.027494908,7.527494908
225,-73.2691,-62.81139,-72.81612,-75.43463,-72.8176,-75.11477,-67.75791,-69.55122,29.27421641,1,0.4,915.5,8.5,13,0,8,6.5,17.5,12.5,8.8,6.3,0,6,8.061099796,7.561099796
226,-66.82483,-59.98317,-67.78397,-71.07298,-68.20445,-65.47985,-67.79278,-67.97704,29.40398192,0,0.4,915.5,8.5,13,0,8,6.5,17.5,12.5,8.8,6.3,0,6,8.094704684,7.594704684
227,-67.5139,-60.76139,-68.07262,-72.49773,-68.59723,-66.99445,-66.12894,-66.28657,29.53453541,1,0.4,915.5,8.5,13,0,8,6.5,17.5,12.5,8.8,6.3,0,6,8.128309572,7.628309572
228,-64.90433,-59.17714,-64.37169,-67.61499,-65.63882,-67.78462,-65.4038,-65.9476,29.6652081,0,0.4,915.5,8.5,13,0,8,6.5,17.5,12.5,8.8,6.3,0,6,8.16191446,7.66191446
229,-68.5723,-62.28437,-65.51369,-68.50213,-69.74932,-70.94781,-68.97907,-63.25164,29.7936399,1,0.4,915.5,8.5,13,0,8,6.5,17.5,12.5,8.8,6.3,0,6,8.195519348,7.695519348
230,-66.08293,-59.73057,-63.90592,-67.43203,-66.61678,-69.07996,-61.38379,-64.55843,29.92393184,0,0.4,915.5,8.5,13,0,8,6.5,17.5,12.5,8.8,6.3,0,6,8.229124236,7.729124236
231,-72.06727,-64.06578,-68.2724,-71.39966,-73.02507,-70.77522,-69.94936,-69.96091,30.05262637,1,0.4,915.5,8.5,13,0,8,6.5,17.5,12.5,8.8,6.3,0,6,8.262729124,7.762729124
232,-65.86032,-58.70642,-63.70907,-67.41429,-65.89449,-65.93811,-65.40247,-63.808,30.1832571,0,0.4,915.5,8.5,13,0,8,6.5,17.5,12.5,8.8,6.3,0,6,8.296334012,7.796334012
233,-71.26421,-62.81833,-68.15711,-71.16492,-69.31633,-70.19672,-69.00869,-71.89955,30.30960727,1,0.4,915.5,8.5,13,0,8,6.5,17.5,12.5,8.8,6.3,0,6,8.3299389,7.8299389
234,-82.99545,-63.89967,-68.57714,-71.18672,-71.43754,-73.13406,-71.83277,-69.37084,30.43943524,0,0.4,915.5,8.5,13,0,8,6.5,17.5,12.5,8.8,6.3,0,6,8.363543788,7.863543788
235,-72.56065,-68.04184,-69.05841,-71.42464,-72.53875,-75.94458,-69.67955,-73.81693,30.56981969,1,0.4,915.5,8.5,13,0,8,6.5,17.5,12.5,8.8,6.3,0,6,8.397148676,7.897148676
236,-74.85316,-69.3731,-72.2179,-73.86331,-76.4926,-81.08125,-75.08319,-73.70558,30.69888878,0,0.4,915.5,8.5,13,0,8,6.5,17.5,12.5,8.8,6.3,0,6,8.430753564,7.930753564
237,-77.5545,-83.40013,-86.77908,-90.37584,-79.4981,-80.92628,-87.3591,-77.18018,30.82979059,1,0.4,915.5,8.5,13,0,8,6.5,17.5,12.5,8.8,6.3,0,6,8.464358452,7.964358452
238,-71.03502,-63.76658,-68.17186,-70.4918,-71.10967,-72.05649,-68.03795,-70.18439,30.96287608,0,0.4,915.5,8.5,13,0,8,6.5,17.5,12.5,8.8,6.3,0,6,8.49796334,7.99796334
239,-74.70019,-73.65695,-82.57816,-91.19381,-81.02166,-84.6694,-83.96914,-84.96842,31.09337521,1,0.4,915.5,8.5,13,0,8,6.5,17.5,12.5,8.8,6.3,0,6,8.531568228,8.031568228
240,-69.18411,-63.9553,-64.84258,-66.74047,-66.42522,-69.83651,-63.47241,-63.89516,31.22409606,0,0.4,915.5,8.5,13,0,8,6.5,17.5,12.5,8.8,6.3,0,6,8.565173116,8.065173116
241,-74.54947,-70.92574,-73.82172,-75.88264,-77.62838,-80.10091,-79.22022,-72.62137,31.3541894,1,0.4,915.5,8.5,13,0,8,6.5,17.5,12.5,8.8,6.3,0,6,8.598778004,8.098778004
242,-66.4113,-59.8938,-62.72694,-65.83124,-68.17271,-65.54129,-64.941,-63.68726,31.48322701,0,0.4,915.5,8.5,13,0,8,6.5,17.5,12.5,8.8,6.3,0,6,8.632382892,8.132382892
243,-73.47379,-69.22415,-73.2644,-74.13171,-75.7723,-69.93947,-71.34478,-70.68102,31.61367273,1,0.4,915.5,8.5,13,0,8,6.5,17.5,12.5,8.8,6.3,0,6,8.66598778,8.16598778
244,-66.45891,-58.19292,-64.54945,-66.52048,-64.65363,-64.41521,-73.75804,-65.49284,31.74514723,0,0.4,915.5,8.5,13,0,8,6.5,17.5,12.5,8.8,6.3,0,6,8.699592668,8.199592668
245,-70.92265,-62.6653,-70.64584,-70.39886,-66.85236,-66.89561,-68.16737,-65.64516,31.87445498,1,0.4,915.5,8.5,13,0,8,6.5,17.5,12.5,8.8,6.3,0,6,8.733197556,8.233197556
246,-66.20733,-62.08239,-68.98425,-69.42831,-68.21464,-70.10256,-68.63033,-66.55183,32.00500727,0,0.4,915.5,8.5,13,0,8,6.5,17.5,12.5,8.8,6.3,0,6,8.766802444,8.266802444
247,-72.07146,-59.73904,-67.07754,-67.76833,-66.16663,-66.87089,-65.31142,-68.35099,32.13468027,1,0.4,915.5,8.5,13,0,8,6.5,17.5,12.5,8.8,6.3,0,6,8.800407332,8.300407332
248,-79.13656,-65.96542,-71.98162,-71.80051,-73.08855,-74.47005,-71.73864,-69.53059,32.26336861,0,0.4,915.5,8.5,13,0,8,6.5,17.5,12.5,8.8,6.3,0,6,8.83401222,8.33401222
249,-67.44749,-61.69409,-66.05879,-66.8233,-66.7888,-67.64823,-67.19355,-63.33184,32.39255428,1,0.4,915.5,8.5,13,0,8,6.5,17.5,12.5,8.8,6.3,0,6,8.867617108,8.367617108
250,-72.48431,-69.71539,-70.30532,-69.09471,-69.97622,-69.36422,-67.35376,-71.62218,32.52462983,0,0.4,915.5,8.5,13,0,8,6.5,17.5,12.5,8.8,6.3,0,6,8.901221996,8.401221996
251,-63.6605,-60.75962,-63.23328,-62.00335,-62.95574,-62.55814,-61.47862,-63.83033,32.65319276,1,0.4,915.5,8.5,13,0,8,6.5,17.5,12.5,8.8,6.3,0,6,8.934826884,8.434826884
252,-76.36597,-65.61435,-68.82482,-68.44038,-68.45245,-68.18646,-69.0941,-71.6369,32.78399897,0,0.4,915.5,8.5,13,0,8,6.5,17.5,12.5,8.8,6.3,0,6,8.968431772,8.468431772
253,-72.04001,-58.89854,-61.37617,-60.53512,-60.9431,-60.50091,-63.82018,-63.7884,32.9126997,1,0.4,915.5,8.5,13,0,8,6.5,17.5,12.5,8.8,6.3,0,6,9.00203666,8.50203666
254,-74.5592,-67.60619,-69.15349,-69.7325,-69.44341,-71.59904,-70.34539,-70.12778,33.04539514,0,0.4,915.5,8.5,13,0,8,6.5,17.5,12.5,8.8,6.3,0,6,9.035641548,8.535641548
255,-74.82175,-67.27126,-61.36268,-62.84507,-63.62072,-69.78417,-63.10445,-64.15569,33.17472005,1,0.4,915.5,8.5,13,0,8,6.5,17.5,12.5,8.8,6.3,0,6,9.069246436,8.569246436
256,-71.27255,-64.6247,-64.40073,-66.03944,-68.0582,-69.92559,-70.09279,-64.93121,33.30369425,0,0.4,915.5,8.5,13,0,8,6.5,17.5,12.5,8.8,6.3,0,6,9.102851324,8.602851324
257,-66.9546,-62.10389,-62.89937,-64.03375,-64.37466,-63.6336,-63.44666,-64.23733,33.43413401,1,0.4,915.5,8.5,13,0,8,6.5,17.5,12.5,8.8,6.3,0,6,9.136456212,8.636456212
258,-65.4765,-60.86126,-64.1633,-63.9873,-64.27702,-63.76221,-70.40648,-66.23743,33.56550193,0,0.4,915.5,8.5,13,0,8,6.5,17.5,12.5,8.8,6.3,0,6,9.1700611,8.6700611
259,-71.01183,-64.68379,-65.64092,-66.44426,-64.54453,-67.13699,-64.1341,-65.79102,33.6953702,1,0.4,915.5,8.5,13,0,8,6.5,17.5,12.5,8.8,6.3,0,6,9.203665988,8.703665988
260,-75.97492,-73.56879,-64.02467,-65.09228,-65.75859,-69.31144,-63.25508,-66.11516,33.82526422,0,0.4,915.5,8.5,13,0,8,6.5,17.5,12.5,8.8,6.3,0,6,9.237270876,8.737270876
261,-71.61004,-65.57835,-64.7571,-66.67206,-68.30381,-71.13687,-70.92825,-66.50269,33.95586848,1,0.4,915.5,8.5,13,0,8,6.5,17.5,12.5,8.8,6.3,0,6,9.270875764,8.770875764
262,-73.6189,-66.48651,-63.87141,-66.05713,-67.40504,-64.85931,-64.4256,-65.8292,34.08520865,0,0.4,915.5,8.5,13,0,8,6.5,17.5,12.5,8.8,6.3,0,6,9.304480652,8.804480652
263,-70.62936,-65.78426,-64.94418,-65.24384,-67.98223,-65.82282,-66.80207,-66.54051,34.21482372,1,0.4,915.5,8.5,13,0,8,6.5,17.5,12.5,8.8,6.3,0,6,9.33808554,8.83808554
264,-66.15727,-64.79124,-62.83874,-64.86724,-64.96485,-62.56509,-67.59097,-65.99957,34.34579706,0,0.4,915.5,8.5,13,0,8,6.5,17.5,12.5,8.8,6.3,0,6,9.371690428,8.871690428
265,-65.81518,-64.54562,-63.83756,-65.55946,-66.35275,-64.72156,-64.6164,-68.13053,34.47636604,1,0.4,915.5,8.5,13,0,8,6.5,17.5,12.5,8.8,6.3,0,6,9.405295316,8.905295316
266,-64.3921,-62.20763,-63.07176,-63.73769,-65.20123,-64.98743,-72.41914,-67.28816,34.60568476,0,0.4,915.5,8.5,13,0,8,6.5,17.5,12.5,8.8,6.3,0,6,9.438900204,8.938900204
267,-64.91003,-61.27293,-62.03228,-62.49511,-63.85453,-64.30111,-65.94342,-63.88153,34.73514271,1,0.4,915.5,8.5,13,0,8,6.5,17.5,12.5,8.8,6.3,0,6,9.472505092,8.972505092
268,-75.54838,-65.29474,-66.59097,-65.59768,-68.68183,-69.47189,-70.29041,-68.15498,34.86550927,0,0.4,915.5,8.5,13,0,8,6.5,17.5,12.5,8.8,6.3,0,6,9.50610998,9.00610998
269,-73.64679,-64.27678,-62.5246,-61.84137,-65.41591,-64.85157,-66.41949,-64.59998,34.9960413,1,0.4,915.5,8.5,13,0,8,6.5,17.5,12.5,8.8,6.3,0,6,9.539714868,9.039714868
270,-77.26518,-69.6646,-67.49437,-66.40153,-71.22029,-73.79557,-68.03577,-69.26969,35.12690377,0,0.4,915.5,8.5,13,0,8,6.5,17.5,12.5,8.8,6.3,0,6,9.573319756,9.073319756
271,-64.96415,-59.06105,-62.33883,-60.97091,-66.30513,-66.91383,-64.68034,-63.41248,35.2556932,1,0.4,915.5,8.5,13,0,8,6.5,17.5,12.5,8.8,6.3,0,6,9.606924644,9.106924644
272,-72.41595,-64.94955,-69.27221,-67.51305,-72.79667,-70.24568,-76.13416,-70.95065,35.38552403,0,0.4,915.5,8.5,13,0,8,6.5,17.5,12.5,8.8,6.3,0,6,9.640529532,9.140529532
273,-64.73477,-60.95716,-61.64558,-62.45199,-65.96494,-66.37704,-64.47501,-65.89316,35.51423001,1,0.4,915.5,8.5,13,0,8,6.5,17.5,12.5,8.8,6.3,0,6,9.67413442,9.17413442
274,-76.21352,-71.10429,-73.24077,-76.69041,-77.76827,-88.64058,-76.6935,-80.61008,35.64600825,0,0.4,915.5,8.5,13,0,8,6.5,17.5,12.5,8.8,6.3,0,6,9.707739308,9.207739308
275,-70.01231,-64.72586,-62.93275,-63.97553,-65.71882,-65.72527,-66.14458,-61.25756,35.77417135,1,0.4,915.5,8.5,13,0,8,6.5,17.5,12.5,8.8,6.3,0,6,9.741344196,9.241344196
276,-93.16637,-81.86584,-75.26247,-79.21991,-74.40948,-75.32014,-76.11675,-72.55692,35.90314698,0,0.4,915.5,8.5,13,0,8,6.5,17.5,12.5,8.8,6.3,0,6,9.774949084,9.274949084
277,-69.70026,-61.92381,-63.94971,-65.33519,-65.16563,-64.12499,-67.48172,-71.01048,36.03052449,1,0.4,915.5,8.5,13,0,8,6.5,17.5,12.5,8.8,6.3,0,6,9.808553971,9.308553971
278,-74.74534,-65.12938,-68.53261,-68.25867,-70.26626,-69.9785,-72.49518,-70.68559,36.16099429,0,0.4,915.5,8.5,13,0,8,6.5,17.5,12.5,8.8,6.3,0,6,9.842158859,9.342158859
279,-67.44099,-58.33658,-61.81783,-64.9546,-65.85133,-64.32599,-65.79991,-69.79,36.28883123,1,0.4,915.5,8.5,13,0,8,6.5,17.5,12.5,8.8,6.3,0,6,9.875763747,9.375763747
280,-69.23895,-61.84695,-66.97865,-67.06042,-69.42261,-69.58174,-73.78548,-71.00078,36.41829562,0,0.4,915.5,8.5,13,0,8,6.5,17.5,12.5,8.8,6.3,0,6,9.909368635,9.409368635
281,-71.00249,-58.45641,-61.92153,-60.99273,-66.92767,-63.06471,-69.64466,-64.87072,36.54483604,1,0.4,915.5,8.5,13,0,8,6.5,17.5,12.5,8.8,6.3,0,6,9.942973523,9.442973523
282,-77.38622,-62.60205,-65.2112,-66.28398,-70.33487,-67.79611,-68.01823,-66.66949,36.67721105,0,0.4,915.5,8.5,13,0,8,6.5,17.5,12.5,8.8,6.3,0,6,9.976578411,9.476578411
283,-75.98312,-60.13581,-62.36118,-62.13148,-67.16834,-67.2373,-63.08191,-62.08597,36.80632043,1,0.4,915.5,8.5,13,0,8,6.5,17.5,12.5,8.8,6.3,0,6,10.0101833,9.510183299
284,-72.36882,-62.90902,-63.17421,-63.60513,-69.78893,-67.19011,-65.52683,-70.81314,36.93791223,0,0.4,915.5,8.5,13,0,8,6.5,17.5,12.5,8.8,6.3,0,6,10.04378819,9.543788187
285,-75.70888,-68.36699,-67.14325,-67.88783,-74.70479,-74.4596,-74.27258,-71.97198,37.06591749,1,0.4,915.5,8.5,13,0,8,6.5,17.5,12.5,8.8,6.3,0,6,10.07739308,9.577393075
286,-80.32603,-63.84726,-65.42703,-65.40933,-72.02127,-72.19281,-70.10278,-68.85057,37.19701815,0,0.4,915.5,8.5,13,0,8,6.5,17.5,12.5,8.8,6.3,0,6,10.11099796,9.610997963
287,-76.26302,-70.64673,-75.14005,-75.67723,-81.03828,-79.22672,-80.19887,-74.24543,37.32528329,1,0.4,915.5,8.5,13,0,8,6.5,17.5,12.5,8.8,6.3,0,6,10.14460285,9.644602851
288,-67.67007,-64.6341,-64.2306,-63.81451,-72.96944,-75.21135,-68.30597,-64.64815,37.45665383,0,0.4,915.5,8.5,13,0,8,6.5,17.5,12.5,8.8,6.3,0,6,10.17820774,9.678207739
289,-73.5208,-69.05824,-70.35148,-70.9867,-81.41837,-88.30094,-73.77635,-74.77261,37.58643484,1,0.4,915.5,8.5,13,0,8,6.5,17.5,12.5,8.8,6.3,0,6,10.21181263,9.711812627
290,-71.09766,-64.11449,-66.23233,-67.91922,-76.78424,-76.0638,-74.02689,-71.08177,37.71658444,0,0.4,915.5,8.5,13,0,8,6.5,17.5,12.5,8.8,6.3,0,6,10.24541752,9.745417515
291,-82.58345,-75.85861,-88.24125,-86.62502,-99.80605,-85.86744,-101.50389,-79.83475,37.84308457,1,0.4,915.5,8.5,13,0,8,6.5,17.5,12.5,8.8,6.3,0,6,10.2790224,9.779022403
292,-83.58067,-66.30109,-69.4622,-70.87132,-82.16918,-78.49313,-77.31789,-78.64393,37.97370219,0,0.4,915.5,8.5,13,0,8,6.5,17.5,12.5,8.8,6.3,0,6,10.31262729,9.812627291
293,-83.2323,-79.74721,-84.50269,-91.2445,-85.26508,-89.05241,-88.409,-81.00151,38.10322738,1,0.4,915.5,8.5,13,0,8,6.5,17.5,12.5,8.8,6.3,0,6,10.34623218,9.846232179
294,-70.82337,-62.07929,-65.01442,-66.48659,-81.18282,-77.96584,-66.75684,-73.29486,38.23406339,0,0.4,915.5,8.5,13,0,8,6.5,17.5,12.5,8.8,6.3,0,6,10.37983707,9.879837067
295,-84.73903,-85.16905,-85.45695,-86.6084,-107.19691,-84.01246,-85.74294,-80.47722,38.36342478,1,0.4,915.5,8.5,13,0,8,6.5,17.5,12.5,8.8,6.3,0,6,10.41344196,9.913441955
296,-72.0892,-63.95597,-65.45031,-66.91713,-82.41593,-76.24921,-72.25338,-69.55051,38.49372554,0,0.4,915.5,8.5,13,0,8,6.5,17.5,12.5,8.8,6.3,0,6,10.44704684,9.947046843
297,-67.03342,-66.16784,-68.26379,-68.83468,-84.67808,-81.14923,-73.51295,-74.08688,38.62405992,1,0.4,915.5,8.5,13,0,8,6.5,17.5,12.5,8.8,6.3,0,6,10.48065173,9.980651731
298,-71.24741,-62.83535,-65.42106,-65.55546,-79.60511,-74.56045,-76.4204,-74.60407,38.75442958,0,0.4,915.5,8.5,13,0,8,6.5,17.5,12.5,8.8,6.3,0,6,10.51425662,10.01425662
299,-72.56741,-62.47016,-64.4517,-65.706,-76.52676,-73.08527,-74.88721,-75.89065,38.88117409,1,0.4,915.5,8.5,13,0,8,6.5,17.5,12.5,8.8,6.3,0,6,10.54786151,10.04786151
300,-73.24118,-63.76657,-64.834,-64.44828,-72.20802,-74.58458,-71.66843,-67.89324,39.01308227,0,0.4,915.5,8.5,13,0,8,6.5,17.5,12.5,8.8,6.3,0,6,10.5814664,10.0814664
301,-72.01763,-63.79586,-64.22409,-65.39291,-72.71327,-76.73437,-70.65115,-70.85969,39.14247417,1,0.4,915.5,8.5,13,0,8,6.5,17.5,12.5,8.8,6.3,0,6,10.61507128,10.11507128
302,-82.52417,-60.41337,-61.66721,-63.87186,-74.09902,-71.97039,-67.63839,-62.92058,39.27136469,0,0.4,915.5,8.5,13,0,8,6.5,17.5,12.5,8.8,6.3,0,6,10.64867617,10.14867617
303,-70.75459,-60.78189,-63.04237,-62.52462,-80.11203,-70.38607,-65.86259,-61.79271,39.40012574,1,0.4,915.5,8.5,13,0,8,6.5,17.5,12.5,8.8,6.3,0,6,10.68228106,10.18228106
304,-86.95033,-60.53071,-60.89338,-62.59751,-83.87559,-68.53358,-65.23352,-67.29787,39.53298259,0,0.4,915.5,8.5,13,0,8,6.5,17.5,12.5,8.8,6.3,0,6,10.71588595,10.21588595
305,-71.32431,-60.2579,-59.6906,-60.7991,-78.77283,-68.48907,-67.55125,-63.62678,39.66315508,1,0.4,915.5,8.5,13,0,8,6.5,17.5,12.5,8.8,6.3,0,6,10.74949084,10.24949084
306,-68.8512,-58.7728,-60.64771,-60.62819,-71.84509,-67.14548,-65.53394,-65.01721,39.79362822,0,0.4,915.5,8.5,13,0,8,6.5,17.5,12.5,8.8,6.3,0,6,10.78309572,10.28309572
307,-67.61515,-59.32752,-60.80693,-63.4927,-70.64074,-69.24992,-68.03597,-66.91438,39.9232595,1,0.4,915.5,8.5,13,0,8,6.5,17.5,12.5,8.8,6.3,0,6,10.81670061,10.31670061
308,-67.46422,-57.84483,-58.92514,-61.14252,-69.12839,-69.90176,-68.74853,-66.53527,40.05390358,0,0.4,915.5,8.5,13,0,8,6.5,17.5,12.5,8.8,6.3,0,6,10.8503055,10.3503055
309,-73.26786,-61.56128,-64.46643,-65.48535,-73.3025,-75.16647,-68.40431,-75.54951,40.18108058,1,0.4,915.5,8.5,13,0,8,6.5,17.5,12.5,8.8,6.3,0,6,10.88391039,10.38391039
310,-69.74703,-63.53553,-60.3091,-61.39756,-69.94696,-70.44954,-66.79598,-64.98549,40.31211567,0,0.4,915.5,8.5,13,0,8,6.5,17.5,12.5,8.8,6.3,0,6,10.91751527,10.41751527
311,-85.16422,-71.10081,-65.07519,-65.55601,-72.31914,-71.66483,-71.35682,-71.08914,40.44117713,1,0.4,915.5,8.5,13,0,8,6.5,17.5,12.5,8.8,6.3,0,6,10.95112016,10.45112016
312,-69.61823,-64.13519,-61.43962,-62.58787,-67.60583,-64.73592,-65.8744,-64.63523,40.57094574,0,0.4,915.5,8.5,13,0,8,6.5,17.5,12.5,8.8,6.3,0,6,10.98472505,10.48472505
313,-81.40645,-67.82421,-67.10893,-68.03082,-73.39556,-68.45781,-72.4594,-68.04796,40.69913054,1,0.4,915.5,8.5,13,0,8,6.5,17.5,12.5,8.8,6.3,0,6,11.01832994,10.51832994
314,-72.018,-65.51879,-62.54653,-63.25485,-68.94226,-67.37582,-71.59119,-74.93367,40.83059478,0,0.4,915.5,8.5,13,0,8,6.5,17.5,12.5,8.8,6.3,0,6,11.05193483,10.55193483
315,-73.28367,-67.09042,-64.22253,-65.67681,-69.86814,-67.47273,-73.03018,-72.12633,40.95918489,1,0.4,915.5,8.5,13,0,8,6.5,17.5,12.5,8.8,6.3,0,6,11.08553971,10.58553971
316,-69.66738,-67.46794,-65.51344,-66.04237,-69.88083,-67.54552,-77.46997,-80.83614,41.08964252,0,0.4,915.5,8.5,13,0,8,6.5,17.5,12.5,8.8,6.3,0,6,11.1191446,10.6191446
317,-78.89513,-68.02847,-62.20859,-62.94554,-68.33702,-66.79855,-71.73766,-70.37778,41.21884513,1,0.4,915.5,8.5,13,0,8,6.5,17.5,12.5,8.8,6.3,0,6,11.15274949,10.65274949
318,-72.661,-73.58249,-64.8155,-65.90045,-72.26186,-68.12318,-75.46068,-71.25037,41.34918571,0,0.4,915.5,8.5,13,0,8,6.5,17.5,12.5,8.8,6.3,0,6,11.18635438,10.68635438
319,-66.6967,-68.27112,-61.80213,-63.85104,-69.62851,-69.27226,-69.33054,-64.58127,41.4799552,1,0.4,915.5,8.5,13,0,8,6.5,17.5,12.5,8.8,6.3,0,6,11.21995927,10.71995927
320,-84.55489,-67.08058,-64.28908,-65.03648,-71.40002,-69.64952,-71.23074,-65.4787,41.6117785,0,0.4,915.5,8.5,13,0,8,6.5,17.5,12.5,8.8,6.3,0,6,11.25356415,10.75356415
321,-67.96021,-66.79715,-61.93417,-63.51461,-70.31616,-66.4904,-73.72247,-67.80296,41.73864961,1,0.4,915.5,8.5,13,0,8,6.5,17.5,12.5,8.8,6.3,0,6,11.28716904,10.78716904
322,-80.85291,-68.747,-64.51408,-67.00761,-74.39705,-68.12769,-72.31578,-65.88024,41.86946058,0,0.4,915.5,8.5,13,0,8,6.5,17.5,12.5,8.8,6.3,0,6,11.32077393,10.82077393
323,-66.23259,-64.02942,-60.88688,-62.80235,-70.02411,-67.21581,-70.2928,-65.30109,41.99725771,1,0.4,915.5,8.5,13,0,8,6.5,17.5,12.5,8.8,6.3,0,6,11.35437882,10.85437882
324,-79.87634,-64.06175,-62.52429,-64.6667,-71.05799,-68.39107,-69.20473,-69.22048,42.12888312,0,0.4,915.5,8.5,13,0,8,6.5,17.5,12.5,8.8,6.3,0,6,11.38798371,10.88798371
325,-71.93635,-65.20639,-63.87214,-65.81719,-71.49224,-68.40087,-69.9403,-67.72627,42.25628209,1,0.4,915.5,8.5,13,0,8,6.5,17.5,12.5,8.8,6.3,0,6,11.42158859,10.92158859
326,-74.55028,-65.18565,-63.90842,-64.47526,-72.65001,-71.73672,-71.87368,-69.13514,42.38659525,0,0.4,915.5,8.5,13,0,8,6.5,17.5,12.5,8.8,6.3,0,6,11.45519348,10.95519348
327,-74.02696,-64.8459,-65.27485,-66.14348,-73.12774,-72.63744,-71.32883,-69.13028,42.51469588,1,0.4,915.5,8.5,13,0,8,6.5,17.5,12.5,8.8,6.3,0,6,11.48879837,10.98879837
328,-76.94624,-68.83441,-68.8884,-71.0291,-78.88999,-76.87673,-76.59531,-72.76366,42.64712143,0,0.4,915.5,8.5,13,0,8,6.5,17.5,12.5,8.8,6.3,0,6,11.52240326,11.02240326
329,-79.50446,-67.27925,-63.18049,-62.31388,-70.9001,-71.83925,-71.74299,-73.24045,42.77539849,1,0.4,915.5,8.5,13,0,8,6.5,17.5,12.5,8.8,6.3,0,6,11.55600815,11.05600815
330,-78.898,-76.57109,-73.212,-73.30717,-84.37538,-76.13549,-79.77468,-76.72797,42.9058497,0,0.4,915.5,8.5,13,0,8,6.5,17.5,12.5,8.8,6.3,0,6,11.58961303,11.08961303
331,-71.97368,-62.325,-62.00977,-62.87049,-71.38216,-67.83256,-74.05203,-69.32474,43.03393316,1,0.4,915.5,8.5,13,0,8,6.5,17.5,12.5,8.8,6.3,0,6,11.62321792,11.12321792
332,-82.60815,-73.46565,-71.41254,-69.71278,-76.60312,-83.92948,-88.18402,-80.35508,43.16589713,0,0.4,915.5,8.5,13,0,8,6.5,17.5,12.5,8.8,6.3,0,6,11.65682281,11.15682281
333,-73.14655,-66.96678,-61.71422,-61.47055,-66.33896,-67.39544,-74.12559,-69.38993,43.29578137,1,0.4,915.5,8.5,13,0,8,6.5,17.5,12.5,8.8,6.3,0,6,11.6904277,11.1904277
334,-73.1403,-70.11052,-67.54987,-67.72511,-73.43073,-74.02935,-76.44573,-75.88122,43.42729163,0,0.4,915.5,8.5,13,0,8,6.5,17.5,12.5,8.8,6.3,0,6,11.72403259,11.22403259
335,-69.55131,-66.30904,-60.14517,-60.56585,-68.19099,-68.58532,-74.60196,-65.24202,43.55822587,1,0.4,915.5,8.5,13,0,8,6.5,17.5,12.5,8.8,6.3,0,6,11.75763747,11.25763747
336,-74.33886,-83.30069,-65.46214,-67.2068,-74.51115,-74.41425,-72.4351,-70.22542,43.68981338,0,0.4,915.5,8.5,13,0,8,6.5,17.5,12.5,8.8,6.3,0,6,11.79124236,11.29124236
337,-70.28342,-72.98405,-59.29385,-60.48305,-72.34821,-68.84234,-66.27332,-65.92252,43.81832099,1,0.4,915.5,8.5,13,0,8,6.5,17.5,12.5,8.8,6.3,0,6,11.82484725,11.32484725
338,-70.77856,-72.35437,-64.33536,-65.84184,-74.67953,-72.522,-74.01367,-67.39847,43.94948339,0,0.4,915.5,8.5,13,0,8,6.5,17.5,12.5,8.8,6.3,0,6,11.85845214,11.35845214
339,-65.95638,-66.8131,-60.27494,-61.1475,-67.41978,-68.16541,-66.67484,-64.59285,44.07853723,1,0.4,915.5,8.5,13,0,8,6.5,17.5,12.5,8.8,6.3,0,6,11.89205703,11.39205703
340,-74.07057,-74.52618,-65.92535,-66.88708,-72.31129,-78.07108,-72.86323,-75.55462,44.20863414,0,0.4,915.5,8.5,13,0,8,6.5,17.5,12.5,8.8,6.3,0,6,11.92566191,11.42566191
341,-78.05569,-66.07751,-62.01635,-62.70964,-70.84876,-72.7244,-67.03027,-64.21703,44.33875895,1,0.4,915.5,8.5,13,0,8,6.5,17.5,12.5,8.8,6.3,0,6,11.9592668,11.4592668
342,-74.26904,-69.84882,-71.66364,-72.53979,-78.33939,-76.31485,-76.90129,-75.98095,44.46773076,0,0.4,915.5,8.5,13,0,8,6.5,17.5,12.5,8.8,6.3,0,6,11.99287169,11.49287169
343,-68.90239,-65.56499,-60.75039,-62.08114,-70.23116,-67.70988,-66.76548,-66.76096,44.59713912,1,0.4,915.5,8.5,13,0,8,6.5,17.5,12.5,8.8,6.3,0,6,12.02647658,11.52647658
344,-82.30156,-74.90323,-74.9021,-78.51278,-82.56584,-81.38958,-84.31059,-76.05449,44.72802138,0,0.4,915.5,8.5,13,0,8,6.5,17.5,12.5,8.8,6.3,0,6,12.06008147,11.56008147
345,-75.01199,-63.64714,-60.25568,-61.52399,-71.01193,-71.91672,-64.92481,-68.25301,44.856673,1,0.4,915.5,8.5,13,0,8,6.5,17.5,12.5,8.8,6.3,0,6,12.09368635,11.59368635
346,-75.61184,-74.73819,-70.24722,-70.60389,-79.0581,-81.22196,-80.65473,-75.08832,44.98711109,0,0.4,915.5,8.5,13,0,8,6.5,17.5,12.5,8.8,6.3,0,6,12.12729124,11.62729124
347,-67.87705,-65.64508,-61.08569,-61.67969,-73.86348,-70.20759,-76.48544,-65.52617,45.11480689,1,0.4,915.5,8.5,13,0,8,6.5,17.5,12.5,8.8,6.3,0,6,12.16089613,11.66089613
348,-74.74985,-72.12444,-69.41896,-71.45112,-80.4443,-75.18339,-89.07003,-81.19836,45.24734211,0,0.4,915.5,8.5,13,0,8,6.5,17.5,12.5,8.8,6.3,0,6,12.19450102,11.69450102
349,-67.88033,-66.41812,-60.94877,-61.47972,-71.32571,-66.98746,-78.89598,-70.45628,45.37680936,1,0.4,915.5,8.5,13,0,8,6.5,17.5,12.5,8.8,6.3,0,6,12.22810591,11.72810591
350,-76.65401,-81.09648,-66.09676,-68.38703,-77.30135,-72.77598,-81.68126,-77.73657,45.5065999,0,0.4,915.5,8.5,13,0,8,6.5,17.5,12.5,8.8,6.3,0,6,12.26171079,11.76171079
351,-72.07586,-66.92987,-60.53497,-61.77018,-69.108,-67.83643,-74.74828,-67.33795,45.6353333,1,0.4,915.5,8.5,13,0,8,6.5,17.5,12.5,8.8,6.3,0,6,12.29531568,11.79531568
352,-71.1166,-70.61179,-67.2953,-68.865,-73.12006,-71.64024,-85.2821,-87.34508,45.76669288,0,0.4,915.5,8.5,13,0,8,6.5,17.5,12.5,8.8,6.3,0,6,12.32892057,11.82892057
353,-68.89987,-68.53708,-60.88551,-64.24258,-69.78593,-66.40479,-70.52128,-70.72215,45.896523,1,0.4,915.5,8.5,13,0,8,6.5,17.5,12.5,8.8,6.3,0,6,12.36252546,11.86252546
354,-83.38519,-87.09601,-72.28169,-73.56984,-86.93604,-81.71734,-78.57935,-77.43692,46.02784443,0,0.4,915.5,8.5,13,0,8,6.5,17.5,12.5,8.8,6.3,0,6,12.39613035,11.89613035
355,-74.88581,-71.24489,-61.97404,-64.01549,-69.46029,-72.68012,-71.38213,-65.7655,46.15578413,1,0.4,915.5,8.5,13,0,8,6.5,17.5,12.5,8.8,6.3,0,6,12.42973523,11.92973523
356,-74.49154,-77.63199,-72.31744,-74.38338,-81.835,-77.72836,-80.35948,-72.33131,46.28663063,0,0.4,915.5,8.5,13,0,8,6.5,17.5,12.5,8.8,6.3,0,6,12.46334012,11.96334012
357,-69.61258,-70.67169,-65.53984,-65.69781,-72.96458,-71.37155,-68.16206,-63.8994,46.41497755,1,0.4,915.5,8.5,13,0,8,6.5,17.5,12.5,8.8,6.3,0,6,12.49694501,11.99694501
358,-91.35522,-77.1687,-76.29464,-80.7592,-86.6932,-88.64044,-87.19708,-77.98772,46.54616714,0,0.4,915.5,8.5,13,0,8,6.5,17.5,12.5,8.8,6.3,0,6,12.5305499,12.0305499
359,-74.3333,-73.7459,-62.95621,-64.22083,-72.46928,-75.69772,-69.32501,-64.14307,46.67429113,1,0.4,915.5,8.5,13,0,8,6.5,17.5,12.5,8.8,6.3,0,6,12.56415479,12.06415479
360,-86.15076,-85.04379,-72.52856,-73.53156,-81.07362,-88.09114,-81.50394,-74.32925,46.80073929,0,0.4,915.5,8.5,13,0,8,6.5,17.5,12.5,8.8,6.3,0,6,12.59775967,12.09775967
361,-70.87189,-65.82496,-60.7268,-62.48441,-69.82573,-68.29177,-76.18681,-65.26109,46.93109345,1,0.4,915.5,8.5,13,0,8,6.5,17.5,12.5,8.8,6.3,0,6,12.63136456,12.13136456
362,-72.86153,-68.95764,-67.38288,-68.82787,-74.73299,-75.83172,-74.17345,-72.53152,47.06255698,0,0.4,915.5,8.5,13,0,8,6.5,17.5,12.5,8.8,6.3,0,6,12.66496945,12.16496945
363,-75.04951,-69.5439,-64.11613,-66.55766,-73.84209,-73.25946,-73.28564,-69.30434,47.19165897,1,0.4,915.5,8.5,13,0,8,6.5,17.5,12.5,8.8,6.3,0,6,12.69857434,12.19857434
364,-84.39658,-83.31993,-70.75486,-72.60869,-84.02443,-80.30625,-81.85905,-74.14585,47.32350254,0,0.4,915.5,8.5,13,0,8,6.5,17.5,12.5,8.8,6.3,0,6,12.73217923,12.23217923
365,-76.06915,-68.45648,-64.44876,-65.43766,-72.05062,-71.45495,-73.43591,-77.50959,47.45271158,1,0.4,915.5,8.5,13,0,8,6.5,17.5,12.5,8.8,6.3,0,6,12.76578411,12.26578411
366,-75.1063,-72.13054,-71.10874,-71.92657,-77.20453,-74.4112,-90.73544,-76.65849,47.58106732,0,0.4,915.5,8.5,13,0,8,6.5,17.5,12.5,8.8,6.3,0,6,12.799389,12.299389
367,-67.99186,-70.64815,-63.25803,-63.55095,-73.97979,-71.26662,-73.63779,-78.64916,47.7089622,1,0.4,915.5,8.5,13,0,8,6.5,17.5,12.5,8.8,6.3,0,6,12.83299389,12.33299389
368,-88.41693,-92.46512,-75.51171,-75.90415,-88.13125,-86.92005,-96.99451,-85.21738,47.83846545,0,0.4,915.5,8.5,13,0,8,6.5,17.5,12.5,8.8,6.3,0,6,12.86659878,12.36659878
369,-77.5489,-75.05008,-65.7569,-67.05007,-77.14605,-75.1033,-78.64429,-81.58672,47.96874642,1,0.4,915.5,8.5,13,0,8,6.5,17.5,12.5,8.8,6.3,0,6,12.90020367,12.40020367
370,-80.33366,-78.39624,-85.98122,-85.86429,-96.15112,-88.11064,-107.01715,-78.70049,48.1002264,0,0.4,915.5,8.5,13,0,8,6.5,17.5,12.5,8.8,6.3,0,6,12.93380855,12.43380855
371,-72.60171,-71.33482,-62.39156,-62.7336,-76.60413,-70.87488,-80.87006,-70.82451,48.22934222,1,0.4,915.5,8.5,13,0,8,6.5,17.5,12.5,8.8,6.3,0,6,12.96741344,12.46741344
372,-84.53631,-75.82019,-72.34151,-72.55137,-87.57438,-75.95141,-83.11959,-86.44693,48.35867834,0,0.4,915.5,8.5,13,0,8,6.5,17.5,12.5,8.8,6.3,0,6,13.00101833,12.50101833
373,-74.24012,-74.67699,-63.52563,-65.00147,-75.41107,-76.18605,-74.46162,-71.04781,48.48866153,1,0.4,915.5,8.5,13,0,8,6.5,17.5,12.5,8.8,6.3,0,6,13.03462322,12.53462322
374,-88.38477,-73.38509,-69.76125,-69.82684,-88.36555,-97.51646,-83.39976,-73.16939,48.62052703,0,0.4,915.5,8.5,13,0,8,6.5,17.5,12.5,8.8,6.3,0,6,13.06822811,12.56822811
375,-76.0772,-71.23105,-64.77139,-65.78622,-79.29887,-79.341,-69.74039,-72.06966,48.74962735,1,0.4,915.5,8.5,13,0,8,6.5,17.5,12.5,8.8,6.3,0,6,13.10183299,12.60183299
376,-77.70219,-77.36003,-69.75717,-70.51077,-80.83389,-77.84634,-75.00429,-69.25134,48.88060188,0,0.4,915.5,8.5,13,0,8,6.5,17.5,12.5,8.8,6.3,0,6,13.13543788,12.63543788
377,-74.26221,-66.86588,-63.58486,-63.58912,-75.36597,-71.81004,-71.22709,-67.70159,49.01089501,1,0.4,915.5,8.5,13,0,8,6.5,17.5,12.5,8.8,6.3,0,6,13.16904277,12.66904277
378,-78.94193,-72.21266,-73.78017,-73.51498,-89.85344,-82.68236,-78.84958,-75.74272,49.14105892,0,0.4,915.5,8.5,13,0,8,6.5,17.5,12.5,8.8,6.3,0,6,13.20264766,12.70264766
379,-78.74959,-77.51341,-65.85163,-65.9127,-80.25311,-79.33842,-71.75091,-70.98714,49.27009511,1,0.4,915.5,8.5,13,0,8,6.5,17.5,12.5,8.8,6.3,0,6,13.23625255,12.73625255
380,-93.74982,-84.90076,-71.97503,-71.4937,-81.97144,-81.20627,-80.51427,-79.48003,49.39978242,0,0.4,915.5,8.5,13,0,8,6.5,17.5,12.5,8.8,6.3,0,6,13.26985743,12.76985743
381,-75.89044,-75.05484,-62.52939,-62.74376,-74.63065,-70.1134,-71.7546,-69.76785,49.52659011,1,0.4,915.5,8.5,13,0,8,6.5,17.5,12.5,8.8,6.3,0,6,13.30346232,12.80346232
382,-74.55065,-73.64529,-69.03567,-69.56061,-80.78329,-76.28666,-78.52402,-76.6095,49.65756297,0,0.4,915.5,8.5,13,0,8,6.5,17.5,12.5,8.8,6.3,0,6,13.33706721,12.83706721
383,-71.92136,-75.76744,-63.01497,-64.32926,-74.98627,-72.78133,-75.84981,-70.33546,49.78564882,1,0.4,915.5,8.5,13,0,8,6.5,17.5,12.5,8.8,6.3,0,6,13.3706721,12.8706721
384,-87.67363,-79.03386,-75.30217,-74.91665,-90.18791,-94.43434,-81.03092,-75.47816,49.91473174,0,0.4,915.5,8.5,13,0,8,6.5,17.5,12.5,8.8,6.3,0,6,13.40427699,12.90427699
385,-82.55707,-85.53429,-67.71899,-66.8868,-84.83184,-75.27029,-74.84326,-74.81268,50.04432416,1,0.4,915.5,8.5,13,0,8,6.5,17.5,12.5,8.8,6.3,0,6,13.43788187,12.93788187
386,-84.04348,-76.8221,-74.28732,-73.61212,-84.23344,-82.4659,-76.73972,-74.75909,50.17499113,0,0.4,915.5,8.5,13,0,8,6.5,17.5,12.5,8.8,6.3,0,6,13.47148676,12.97148676
387,-72.80764,-70.35614,-62.67768,-63.09452,-74.94558,-72.21278,-74.47639,-71.6069,50.30476379,1,0.4,915.5,8.5,13,0,8,6.5,17.5,12.5,8.8,6.3,0,6,13.50509165,13.00509165
388,-76.51292,-73.99312,-76.25272,-74.66978,-93.72406,-83.1515,-88.57973,-89.69573,50.43522573,0,0.4,915.5,8.5,13,0,8,6.5,17.5,12.5,8.8,6.3,0,6,13.53869654,13.03869654
389,-76.33283,-70.67581,-65.21758,-66.01035,-82.69445,-77.35434,-77.35958,-81.10661,50.56529975,1,0.4,915.5,8.5,13,0,8,6.5,17.5,12.5,8.8,6.3,0,6,13.57230143,13.07230143
390,-77.02934,-76.22597,-94.9593,-96.50953,-89.35446,-87.12023,-95.42932,-83.35483,50.69517398,0,0.4,915.5,8.5,13,0,8,6.5,17.5,12.5,8.8,6.3,0,6,13.60590631,13.10590631
391,-84.12726,-77.83777,-68.38792,-68.56049,-78.82994,-81.07989,-79.14071,-83.67265,50.82460213,1,0.4,915.5,8.5,13,0,8,6.5,17.5,12.5,8.8,6.3,0,6,13.6395112,13.1395112
392,-93.7986,-85.45805,-77.64822,-76.58449,-83.7989,-79.98501,-93.28617,-90.8398,50.95630646,0,0.4,915.5,8.5,13,0,8,6.5,17.5,12.5,8.8,6.3,0,6,13.67311609,13.17311609
393,-74.04802,-73.39482,-63.41938,-64.20616,-73.44518,-72.84381,-81.82113,-76.64473,51.08468413,1,0.4,915.5,8.5,13,0,8,6.5,17.5,12.5,8.8,6.3,0,6,13.70672098,13.20672098
394,-79.70737,-74.61816,-85.8517,-82.74673,-89.01688,-90.39967,-90.90924,-82.80119,51.21442747,0,0.4,915.5,8.5,13,0,8,6.5,17.5,12.5,8.8,6.3,0,6,13.74032587,13.24032587
395,-81.34306,-102.70619,-66.10899,-67.64641,-80.65276,-80.71362,-82.55642,-75.26527,51.34377885,1,0.4,915.5,8.5,13,0,8,6.5,17.5,12.5,8.8,6.3,0,6,13.77393075,13.27393075
396,-75.79388,-73.26843,-68.17949,-67.96969,-81.78772,-75.30395,-84.64048,-75.71974,51.47427392,0,0.4,915.5,8.5,13,0,8,6.5,17.5,12.5,8.8,6.3,0,6,13.80753564,13.30753564
397,-77.3149,-76.02849,-65.13753,-65.25624,-77.56406,-75.29675,-81.19127,-71.13164,51.60406542,1,0.4,915.5,8.5,13,0,8,6.5,17.5,12.5,8.8,6.3,0,6,13.84114053,13.34114053
398,-78.26588,-95.6633,-65.93695,-65.06586,-81.38908,-74.41266,-76.44647,-73.66309,51.73689437,0,0.4,915.5,8.5,13,0,8,6.5,17.5,12.5,8.8,6.3,0,6,13.87474542,13.37474542
399,-70.35366,-71.01747,-63.47619,-62.76201,-77.65268,-75.49715,-76.36608,-71.63094,51.86795473,1,0.4,915.5,8.5,13,0,8,6.5,17.5,12.5,8.8,6.3,0,6,13.90835031,13.40835031
400,-73.14114,-73.58661,-72.70262,-73.32764,-92.12401,-82.34847,-93.8812,-85.69313,52.00040913,0,0.4,915.5,8.5,13,0,8,6.5,17.5,12.5,8.8,6.3,0,6,13.94195519,13.44195519
401,-90.34694,-88.47784,-67.60328,-67.99046,-86.87206,-82.37101,-78.01843,-71.79243,52.12969613,1,0.4,915.5,8.5,13,0,8,6.5,17.5,12.5,8.8,6.3,0,6,13.97556008,13.47556008
402,-82.73286,-78.53261,-73.26992,-72.17172,-86.23248,-84.04484,-85.15591,-79.44824,52.26272321,0,0.4,915.5,8.5,13,0,8,6.5,17.5,12.5,8.8,6.3,0,6,14.00916497,13.50916497
403,-81.17125,-76.67639,-68.36093,-68.05338,-81.20991,-78.65376,-82.12103,-73.80375,52.39208364,1,0.4,915.5,8.5,13,0,8,6.5,17.5,12.5,8.8,6.3,0,6,14.04276986,13.54276986
404,-75.70269,-81.8365,-76.19233,-78.83064,-98.68436,-82.18002,-86.23022,-76.64375,52.52401066,0,0.4,915.5,8.5,13,0,8,6.5,17.5,12.5,8.8,6.3,0,6,14.07637475,13.57637475
405,-75.5528,-72.88466,-67.36583,-67.54967,-82.14651,-78.97403,-78.88514,-73.65515,52.65434003,1,0.4,915.5,8.5,13,0,8,6.5,17.5,12.5,8.8,6.3,0,6,14.10997963,13.60997963
406,-83.23617,-80.61922,-82.79021,-88.2225,-87.40625,-82.98833,-92.84013,-81.69419,52.78594255,0,0.4,915.5,8.5,13,0,8,6.5,17.5,12.5,8.8,6.3,0,6,14.14358452,13.64358452
407,-83.13111,-86.10422,-66.31507,-66.58389,-82.62576,-82.04642,-74.13076,-81.17908,52.91532612,1,0.4,915.5,8.5,13,0,8,6.5,17.5,12.5,8.8,6.3,0,6,14.17718941,13.67718941
408,-79.77573,-75.28285,-70.69195,-71.44742,-91.96027,-80.40698,-82.51908,-79.86197,53.04662395,0,0.4,915.5,8.5,13,0,8,6.5,17.5,12.5,8.8,6.3,0,6,14.2107943,13.7107943
409,-74.68105,-73.9086,-63.99716,-64.86862,-77.23696,-76.41467,-76.55978,-87.41536,53.17609525,1,0.4,915.5,8.5,13,0,8,6.5,17.5,12.5,8.8,6.3,0,6,14.24439919,13.74439919
410,-80.0722,-79.37111,-68.91546,-68.41324,-95.55647,-86.97732,-90.17766,-84.61274,53.30839992,0,0.4,915.5,8.5,13,0,8,6.5,17.5,12.5,8.8,6.3,0,6,14.27800407,13.77800407
411,-76.86856,-83.52713,-63.81933,-64.7931,-83.85421,-77.05981,-77.96603,-81.97803,53.4388926,1,0.4,915.5,8.5,13,0,8,6.5,17.5,12.5,8.8,6.3,0,6,14.31160896,13.81160896
412,-77.45499,-77.02295,-62.21095,-63.30642,-78.63534,-73.57008,-76.83463,-80.17863,53.56963038,0,0.4,915.5,8.5,13,0,8,6.5,17.5,12.5,8.8,6.3,0,6,14.34521385,13.84521385
413,-86.83925,-74.67191,-70.29942,-71.54384,-91.54798,-81.54382,-96.34608,-82.04546,53.69884396,1,0.4,915.5,8.5,13,0,8,6.5,17.5,12.5,8.8,6.3,0,6,14.37881874,13.87881874
414,-76.48653,-75.04207,-61.32565,-62.05157,-79.67442,-79.92294,-77.15065,-80.24828,53.83244443,0,0.4,915.5,8.5,13,0,8,6.5,17.5,12.5,8.8,6.3,0,6,14.41242363,13.91242363
415,-89.18846,-77.10201,-75.20593,-75.64021,-89.02979,-82.03413,-90.14301,-80.84372,53.96072841,1,0.4,915.5,8.5,13,0,8,6.5,17.5,12.5,8.8,6.3,0,6,14.44602851,13.94602851
416,-75.32233,-77.69536,-66.09805,-66.3693,-83.77483,-78.97623,-85.35445,-79.51745,54.09057403,0,0.4,915.5,8.5,13,0,8,6.5,17.5,12.5,8.8,6.3,0,6,14.4796334,13.9796334
417,-78.40202,-80.00739,-68.58257,-68.90493,-88.924,-78.28484,-97.4474,-73.29325,54.21967554,1,0.4,915.5,8.5,13,0,8,6.5,17.5,12.5,8.8,6.3,0,6,14.51323829,14.01323829
418,-75.0054,-77.19826,-73.66238,-74.61555,-89.56937,-87.46072,-92.94025,-82.86917,54.35034657,0,0.4,915.5,8.5,13,0,8,6.5,17.5,12.5,8.8,6.3,0,6,14.54684318,14.04684318
419,-70.6722,-76.97244,-61.21645,-61.75507,-86.86454,-91.48048,-85.59463,-75.23805,54.48062825,1,0.4,915.5,8.5,13,0,8,6.5,17.5,12.5,8.8,6.3,0,6,14.58044807,14.08044807
420,-79.73397,-83.81087,-88.28691,-92.01151,-93.69215,-87.15184,-100.87375,-78.92844,54.61210918,0,0.4,915.5,8.5,13,0,8,6.5,17.5,12.5,8.8,6.3,0,6,14.61405295,14.11405295
421,-77.56009,-72.45782,-59.23613,-59.29018,-74.88896,-71.32551,-72.94785,-77.72448,54.74261045,1,0.4,915.5,8.5,13,0,8,6.5,17.5,12.5,8.8,6.3,0,6,14.64765784,14.14765784
422,-79.4983,-79.12349,-76.7114,-79.55779,-93.48566,-83.73139,-94.86837,-79.86722,54.87359118,0,0.4,915.5,8.5,13,0,8,6.5,17.5,12.5,8.8,6.3,0,6,14.68126273,14.18126273
423,-79.37791,-75.89185,-60.24506,-60.65399,-78.04782,-73.26595,-85.03445,-83.83266,55.00353265,1,0.4,915.5,8.5,13,0,8,6.5,17.5,12.5,8.8,6.3,0,6,14.71486762,14.21486762
424,-90.54346,-82.44269,-66.2552,-66.5626,-84.82738,-78.61285,-87.29984,-78.87366,55.13391685,0,0.4,915.5,8.5,13,0,8,6.5,17.5,12.5,8.8,6.3,0,6,14.74847251,14.24847251
425,-73.34766,-89.50066,-62.12683,-62.5827,-82.49225,-77.62183,-88.18922,-78.53192,55.26108336,1,0.4,915.5,8.5,13,0,8,6.5,17.5,12.5,8.8,6.3,0,6,14.78207739,14.28207739
426,-75.96701,-75.59842,-62.05176,-62.78486,-81.97843,-75.65014,-83.19893,-84.61024,55.39113975,0,0.4,915.5,8.5,13,0,8,6.5,17.5,12.5,8.8,6.3,0,6,14.81568228,14.31568228
427,-79.22868,-74.27052,-63.37228,-63.62017,-83.61534,-73.98502,-91.46929,-77.26289,55.51911259,1,0.4,915.5,8.5,13,0,8,6.5,17.5,12.5,8.8,6.3,0,6,14.84928717,14.34928717
428,-80.34985,-81.91574,-61.68833,-61.71251,-80.5212,-80.56796,-84.48427,-74.83047,55.64883208,0,0.4,915.5,8.5,13,0,8,6.5,17.5,12.5,8.8,6.3,0,6,14.88289206,14.38289206
429,-78.94085,-80.20732,-73.13141,-76.11597,-88.61267,-96.04132,-88.06572,-83.44023,55.77799702,1,0.4,915.5,8.5,13,0,8,6.5,17.5,12.5,8.8,6.3,0,6,14.91649695,14.41649695
430,-81.41908,-83.97226,-63.10021,-62.27997,-85.08391,-76.436,-82.4187,-75.00556,55.90901017,0,0.4,915.5,8.5,13,0,8,6.5,17.5,12.5,8.8,6.3,0,6,14.95010183,14.45010183
431,-81.23712,-77.32024,-73.53667,-73.94219,-106.10738,-93.7391,-103.58546,-92.88892,56.03684664,1,0.4,915.5,8.5,13,0,8,6.5,17.5,12.5,8.8,6.3,0,6,14.98370672,14.48370672
432,-82.53423,-76.74847,-68.90022,-68.68674,-98.22099,-83.77695,-95.34053,-83.59272,56.16700387,0,0.4,915.5,8.5,13,0,8,6.5,17.5,12.5,8.8,6.3,0,6,15.01731161,14.51731161
433,-82.78056,-88.58235,-67.83453,-67.48632,-87.5426,-85.9292,-83.28037,-80.65348,56.29339695,1,0.4,915.5,8.5,13,0,8,6.5,17.5,12.5,8.8,6.3,0,6,15.0509165,14.5509165
434,-81.05521,-80.77289,-84.55849,-94.88839,-91.17029,-96.29208,-89.17632,-80.28312,56.42436051,0,0.4,915.5,8.5,13,0,8,6.5,17.5,12.5,8.8,6.3,0,6,15.08452138,14.58452138
435,-80.44353,-79.74048,-65.43036,-64.17239,-82.9434,-78.57481,-78.43791,-75.00644,56.55445981,1,0.4,915.5,8.5,13,0,8,6.5,17.5,12.5,8.8,6.3,0,6,15.11812627,14.61812627
436,-81.1428,-74.42001,-78.21573,-78.65585,-91.95021,-87.16879,-93.53003,-81.76365,56.68525171,0,0.4,915.5,8.5,13,0,8,6.5,17.5,12.5,8.8,6.3,0,6,15.15173116,14.65173116
437,-78.36031,-71.36819,-59.96575,-59.76978,-89.48085,-83.74953,-81.19875,-76.84903,56.81588387,1,0.4,915.5,8.5,13,0,8,6.5,17.5,12.5,8.8,6.3,0,6,15.18533605,14.68533605
438,-85.89156,-81.08266,-63.82523,-63.38579,-85.99693,-76.70538,-84.53379,-88.00468,56.94770837,0,0.4,915.5,8.5,13,0,8,6.5,17.5,12.5,8.8,6.3,0,6,15.21894094,14.71894094
439,-83.92702,-81.16963,-58.72777,-58.70701,-80.37286,-74.69349,-112.83099,-76.91441,57.07683873,1,0.4,915.5,8.5,13,0,8,6.5,17.5,12.5,8.8,6.3,0,6,15.25254582,14.75254582
440,-74.82544,-72.38681,-59.05072,-58.47569,-85.83437,-77.6343,-74.95217,-87.28963,57.2084465,0,0.4,915.5,8.5,13,0,8,6.5,17.5,12.5,8.8,6.3,0,6,15.28615071,14.78615071
441,-76.68115,-73.52075,-60.44868,-60.68685,-84.15524,-79.46402,-80.86871,-80.99273,57.33579707,1,0.4,915.5,8.5,13,0,8,6.5,17.5,12.5,8.8,6.3,0,6,15.3197556,14.8197556
442,-80.8702,-80.46127,-59.77346,-60.05488,-100.89835,-77.53774,-84.52083,-74.24704,57.46843982,0,0.4,915.5,8.5,13,0,8,6.5,17.5,12.5,8.8,6.3,0,6,15.35336049,14.85336049
443,-74.53969,-76.63348,-66.59738,-67.67115,-84.20482,-91.51302,-86.41026,-85.4055,57.5970583,1,0.4,915.5,8.5,13,0,8,6.5,17.5,12.5,8.8,6.3,0,6,15.38696538,14.88696538
444,-78.54778,-77.20703,-62.04782,-62.65458,-85.9945,-81.5799,-92.1565,-81.22068,57.72838354,0,0.4,915.5,8.5,13,0,8,6.5,17.5,12.5,8.8,6.3,0,6,15.42057026,14.92057026
445,-80.05183,-80.24316,-69.14469,-69.33576,-97.53996,-83.48885,-102.47987,-78.25478,57.8576417,1,0.4,915.5,8.5,13,0,8,6.5,17.5,12.5,8.8,6.3,0,6,15.45417515,14.95417515
446,-87.42939,-76.44159,-62.50076,-63.37848,-88.118,-83.50923,-87.118,-77.37137,57.98924232,0,0.4,915.5,8.5,13,0,8,6.5,17.5,12.5,8.8,6.3,0,6,15.48778004,14.98778004
447,-83.63741,-82.43233,-66.24156,-67.20771,-81.38775,-78.0797,-90.83012,-78.67944,58.12033391,1,0.4,915.5,8.5,13,0,8,6.5,17.5,12.5,8.8,6.3,0,6,15.52138493,15.02138493
448,-85.19566,-76.80493,-74.95169,-78.53163,-89.31745,-84.13581,-88.51286,-81.42449,58.25348544,0,0.4,915.5,8.5,13,0,8,6.5,17.5,12.5,8.8,6.3,0,6,15.55498982,15.05498982
449,-82.32276,-81.11098,-59.90611,-61.93052,-80.55746,-77.59233,-80.47828,-79.13085,58.38382483,1,0.4,915.5,8.5,13,0,8,6.5,17.5,12.5,8.8,6.3,0,6,15.5885947,15.0885947
450,-85.87901,-79.51933,-66.66756,-68.68679,-80.97479,-78.90528,-84.12836,-79.99706,58.51558423,0,0.4,915.5,8.5,13,0,8,6.5,17.5,12.5,8.8,6.3,0,6,15.62219959,15.12219959
451,-83.41039,-75.43887,-54.58484,-56.36264,-85.89695,-77.33601,-75.16427,-83.13823,58.64448643,1,0.4,915.5,8.5,13,0,8,6.5,17.5,12.5,8.8,6.3,0,6,15.65580448,15.15580448
452,-77.76115,-78.31467,-60.6312,-62.5091,-92.34885,-94.05174,-92.26388,-79.27654,58.77508616,0,0.4,915.5,8.5,13,0,8,6.5,17.5,12.5,8.8,6.3,0,6,15.68940937,15.18940937
453,-82.31229,-78.10948,-56.58832,-57.76358,-85.12916,-77.57372,-79.34975,-87.13884,58.90503216,1,0.4,915.5,8.5,13,0,8,6.5,17.5,12.5,8.8,6.3,0,6,15.72301426,15.22301426
454,-82.54036,-79.50114,-65.53437,-66.75859,-92.83862,-81.67838,-90.75742,-81.5268,59.03757262,0,0.4,915.5,8.5,13,0,8,6.5,17.5,12.5,8.8,6.3,0,6,15.75661914,15.25661914
455,-78.66425,-75.74036,-59.42026,-60.70605,-94.26164,-87.6376,-88.10767,-76.05813,59.16798353,1,0.4,915.5,8.5,13,0,8,6.5,17.5,12.5,8.8,6.3,0,6,15.79022403,15.29022403
456,-80.34492,-75.66478,-56.42109,-57.50967,-85.32407,-77.37601,-99.77233,-87.64512,59.29798031,0,0.4,915.5,8.5,13,0,8,6.5,17.5,12.5,8.8,6.3,0,6,15.82382892,15.32382892
457,-78.89433,-85.15018,-54.81856,-56.36247,-88.80199,-80.72042,-82.74357,-77.09566,59.42689109,1,0.4,915.5,8.5,13,0,8,6.5,17.5,12.5,8.8,6.3,0,6,15.85743381,15.35743381
458,-80.80328,-81.75314,-60.0457,-61.06865,-91.59409,-84.38779,-87.04442,-77.94022,59.5594275,0,0.4,915.5,8.5,13,0,8,6.5,17.5,12.5,8.8,6.3,0,6,15.8910387,15.3910387
459,-87.37574,-77.77989,-66.99072,-67.73775,-95.9756,-81.52309,-93.20173,-80.83052,59.68930459,1,0.4,915.5,8.5,13,0,8,6.5,17.5,12.5,8.8,6.3,0,6,15.92464358,15.42464358
460,-76.50507,-80.32172,-73.79127,-73.80727,-96.10822,-86.59949,-93.74277,-83.68407,59.81951165,0,0.4,915.5,8.5,13,0,8,6.5,17.5,12.5,8.8,6.3,0,6,15.95824847,15.45824847
461,-92.12333,-77.77559,-60.82382,-61.03914,-81.41913,-80.63552,-90.88473,-77.34149,59.94912004,1,0.4,915.5,8.5,13,0,8,6.5,17.5,12.5,8.8,6.3,0,6,15.99185336,15.49185336
462,-80.61599,-79.80722,-61.44893,-62.31539,-87.42052,-79.12305,-84.60306,-76.44447,60.08004427,0,0.4,915.5,8.5,13,0,8,6.5,17.5,12.5,8.8,6.3,0,6,16.02545825,15.52545825
463,-76.28115,-71.70354,-59.64542,-60.57021,-101.53807,-95.14417,-95.11951,-85.40338,60.2075479,1,0.4,915.5,8.5,13,0,8,6.5,17.5,12.5,8.8,6.3,0,6,16.05906314,15.55906314
464,-79.39963,-79.23412,-65.66887,-66.55341,-88.66291,-83.06956,-92.44434,-78.72881,60.3393054,0,0.4,915.5,8.5,13,0,8,6.5,17.5,12.5,8.8,6.3,0,6,16.09266802,15.59266802
465,-98.8688,-76.79109,-60.76596,-60.94179,-87.8197,-89.05799,-86.85585,-88.99836,60.46846151,1,0.4,915.5,8.5,13,0,8,6.5,17.5,12.5,8.8,6.3,0,6,16.12627291,15.62627291
466,-82.40038,-71.43628,-55.38002,-55.96974,-84.62975,-92.31427,-86.38851,-82.58978,60.59864497,0,0.4,915.5,8.5,13,0,8,6.5,17.5,12.5,8.8,6.3,0,6,16.1598778,15.6598778
467,-76.69802,-75.04146,-52.05698,-53.01164,-82.13731,-76.99942,-76.69391,-76.5698,60.72857308,1,0.4,915.5,8.5,13,0,8,6.5,17.5,12.5,8.8,6.3,0,6,16.19348269,15.69348269
468,-80.04221,-84.64713,-57.38511,-59.14114,-92.51753,-88.75131,-84.31905,-80.02085,60.85759759,0,0.4,915.5,8.5,13,0,8,6.5,17.5,12.5,8.8,6.3,0,6,16.22708758,15.72708758
469,-93.20751,-74.08824,-57.29715,-58.65026,-86.92665,-79.62934,-82.01595,-78.6369,60.98619413,1,0.4,915.5,8.5,13,0,8,6.5,17.5,12.5,8.8,6.3,0,6,16.26069246,15.76069246
470,-87.60527,-81.149,-63.27998,-64.47876,-90.41238,-80.78029,-83.24373,-85.47499,61.11477232,0,0.4,915.5,8.5,13,0,8,6.5,17.5,12.5,8.8,6.3,0,6,16.29429735,15.79429735
471,-75.42445,-75.06776,-57.35772,-58.873,-87.34569,-88.07179,-83.54713,-76.87418,61.24314475,1,0.4,915.5,8.5,13,0,8,6.5,17.5,12.5,8.8,6.3,0,6,16.32790224,15.82790224
472,-76.23611,-75.35971,-55.06585,-56.95573,-83.03881,-96.27536,-80.55576,-80.26968,61.3745811,0,0.4,915.5,8.5,13,0,8,6.5,17.5,12.5,8.8,6.3,0,6,16.36150713,15.86150713
473,-91.34292,-80.29324,-54.88395,-56.94166,-80.7495,-81.08742,-85.79539,-83.55026,61.50426412,1,0.4,915.5,8.5,13,0,8,6.5,17.5,12.5,8.8,6.3,0,6,16.39511202,15.89511202
474,-82.6836,-78.67073,-64.67605,-67.23248,-92.67084,-84.8156,-94.45457,-84.9203,61.63601375,0,0.4,915.5,8.5,13,0,8,6.5,17.5,12.5,8.8,6.3,0,6,16.4287169,15.9287169
475,-86.787,-88.49689,-62.14293,-64.50974,-102.03075,-86.0182,-86.9072,-82.07321,61.76483297,1,0.4,915.5,8.5,13,0,8,6.5,17.5,12.5,8.8,6.3,0,6,16.46232179,15.96232179
476,-79.30363,-79.35426,-66.80602,-66.92702,-99.34898,-84.71396,-95.59093,-80.78309,61.89642835,0,0.4,915.5,8.5,13,0,8,6.5,17.5,12.5,8.8,6.3,0,6,16.49592668,15.99592668
477,-80.14163,-72.1788,-53.85806,-55.68611,-89.71301,-92.03221,-91.19351,-81.81283,62.02556753,1,0.4,915.5,8.5,13,0,8,6.5,17.5,12.5,8.8,6.3,0,6,16.52953157,16.02953157
478,-85.10623,-81.84753,-60.46702,-62.22665,-94.25233,-84.22058,-92.1321,-85.51264,62.1557591,0,0.4,915.5,8.5,13,0,8,6.5,17.5,12.5,8.8,6.3,0,6,16.56313646,16.06313646
479,-81.70845,-76.22787,-56.58959,-57.95629,-87.08069,-82.28677,-86.66152,-76.49422,62.28487229,1,0.4,915.5,8.5,13,0,8,6.5,17.5,12.5,8.8,6.3,0,6,16.59674134,16.09674134
480,-78.45143,-76.89108,-61.55811,-62.70465,-84.62039,-87.78017,-91.01657,-89.97493,62.41669631,0,0.4,915.5,8.5,13,0,8,6.5,17.5,12.5,8.8,6.3,0,6,16.63034623,16.13034623
481,-97.9063,-92.54587,-52.87824,-53.77095,-80.69557,-77.53751,-77.68314,-76.51991,62.54733253,1,0.4,915.5,8.5,13,0,8,6.5,17.5,12.5,8.8,6.3,0,6,16.66395112,16.16395112
482,-81.61633,-75.11823,-50.24787,-51.36496,-80.93489,-82.36855,-81.02964,-77.19308,62.67688632,0,0.4,915.5,8.5,13,0,8,6.5,17.5,12.5,8.8,6.3,0,6,16.69755601,16.19755601
483,-80.89382,-76.36673,-51.69584,-52.4185,-80.5778,-89.95629,-90.53655,-79.59495,62.80447054,1,0.4,915.5,8.5,13,0,8,6.5,17.5,12.5,8.8,6.3,0,6,16.7311609,16.2311609
484,-86.0564,-78.86148,-52.13264,-53.18655,-82.28333,-78.07573,-79.4772,-79.84706,62.93631983,0,0.4,915.5,8.5,13,0,8,6.5,17.5,12.5,8.8,6.3,0,6,16.76476578,16.26476578
485,-77.61014,-76.86018,-56.0867,-56.24961,-86.80344,-87.67843,-83.77552,-79.97051,63.06625819,1,0.4,915.5,8.5,13,0,8,6.5,17.5,12.5,8.8,6.3,0,6,16.79837067,16.29837067
486,-82.69599,-78.71187,-55.62588,-55.70328,-89.96429,-93.4251,-83.71265,-79.42015,63.19780993,0,0.4,915.5,8.5,13,0,8,6.5,17.5,12.5,8.8,6.3,0,6,16.83197556,16.33197556
487,-74.92184,-96.2861,-46.38042,-46.24876,-80.24311,-76.43119,-72.36624,-77.00668,63.32715464,1,0.4,915.5,8.5,13,0,8,6.5,17.5,12.5,8.8,6.3,0,6,16.86558045,16.36558045
488,-76.99588,-83.09181,-50.30219,-50.71441,-89.60617,-75.68591,-83.25333,-76.79507,63.45768642,0,0.4,915.5,8.5,13,0,8,6.5,17.5,12.5,8.8,6.3,0,6,16.89918534,16.39918534
489,-81.25224,-78.58842,-47.90409,-48.66941,-78.90707,-77.55148,-77.45546,-71.76272,63.58769464,1,0.4,915.5,8.5,13,0,8,6.5,17.5,12.5,8.8,6.3,0,6,16.93279022,16.43279022
490,-80.37006,-77.09319,-58.33799,-58.49413,-89.94952,-86.93945,-82.92629,-79.68909,63.7194047,0,0.4,915.5,8.5,13,0,8,6.5,17.5,12.5,8.8,6.3,0,6,16.96639511,16.46639511
491,-74.17268,-74.2282,-54.99157,-54.99706,-98.40262,-93.24142,-85.14253,-73.59741,63.84952021,1,0.4,915.5,8.5,13,0,8,6.5,17.5,12.5,8.8,6.3,0,6,17,16.5
